"Website Name","Website Position","Is Active","Affiliate Network","HomePage URL","Affiliate URL","Affiliate Flag"
Ebay,1,1,Bypassed,,,0
Fabfurnish,1000,0,Bypassed,https://www.hometown.in/,,0
Grabmore,411,1,Bypassed,,,0
Yapaa,1002,1,Bypassed,,,0
Fatakk,1003,0,Bypassed,,,0
Zoomin,1005,1,Bypassed,,,0
"Happily Unmarried",1008,1,Bypassed,,,0
Yebhi,35,1,Bypassed,,,0
Amazon,63,1,"Special (OWN)",https://www.amazon.in/,,0
IndiaPlaza,30,0,Bypassed,,,0
Bookadda,31,0,Bypassed,,,0
SnapDeal,129,1,Bypassed,,,0
Jabong,50,1,Bypassed,,,0
shoppersstop,45,1,Bypassed,,,0
BabyOye,929,0,Bypassed,,,0
StrawBerryNet,911,1,Bypassed,,,0
Hushbabies,939,0,Bypassed,,,0
Healthkart,921,1,"optimisemedia - omgt5, omgt3",https://www.healthkart.com/?,https://clk.omgt5.com/?PID=14412&AID=368059,0
Indiarush,62,0,Bypassed,,,0
Flipkart,2,1,"Special (OWN)",https://www.flipkart.com/,,0
Infibeam,99,1,Bypassed,,,0
HomeShop18,4,0,Bypassed,,,0
LandMark,7,1,Bypassed,,,0
Tradus,13,1,Bypassed,,,0
Koovs,22,1,Clickonik,https://www.koovs.com/,https://clickonik.go2cloud.org/aff_c?offer_id=542&aff_id=1646,-1
PepperFry,333,1,Bypassed,,,0
"Ferns n Petals",11,1,Bypassed,,,0
Futurebazaar,5,1,Bypassed,,,0
Fashionara,98,0,Bypassed,,,0
Myntra,111,1,"optimisemedia - omgt5, omgt3",https://www.myntra.com/,https://clk.omgt5.com/?PID=12185&AID=368059,0
ShopClues,421,1,Bypassed,,,0
Naaptol,441,1,Bypassed,,,0
Crossword,471,1,Bypassed,,,0
"Magazine Mall",461,1,Bypassed,,,0
Floralis,91,1,Bypassed,,,0
"Indiatimes Shopping",401,1,Bypassed,,,0
Adexmart,393,0,Bypassed,,,0
Phoolwala,373,1,Bypassed,,,0
JewelsKart,37,0,Bypassed,,,0
LensKart,57,1,"Admit Ad",https://www.lenskart.com/,https://ad.admitad.com/g/h34jycfvdh73d450234d04ecf98ec8/,0
BagsKart,47,0,Bypassed,,,0
WatchKart,67,0,Bypassed,,,0
Next.co.in,69,1,Bypassed,,,0
Croma,71,1,"Admit Ad",https://www.croma.com/,https://ad.admitad.com/g/rjmwpd17fq73d450234d21602b7160/,0
Craftsvilla,412,1,Bypassed,,,0
Cilory,469,1,Bypassed,,,0
Zivame,429,1,"Admit Ad",https://www.zivame.com/,https://ad.admitad.com/g/t2nm6m1kgc73d450234d5f08f4c55f/,0
ManiacStore,999,0,Bypassed,,,0
"Pretty Secrets",433,1,Bypassed,,,0
ShopNineteen,422,0,Bypassed,,,0
DoneByNone,428,0,Bypassed,,,0
"Rediff Shopping",291,1,Bypassed,,,0
Mirraw,435,1,Bypassed,,,0
StrapsAndStrings,432,0,Bypassed,,,0
Trendin,431,1,Bypassed,,,0
CBazaar,423,1,Bypassed,,,0
N-gal,430,1,Bypassed,,,0
Limeroad,424,1,"Admit Ad",https://www.limeroad.com/,https://ad.admitad.com/g/6muhc4mlrf73d450234d76041b2588/,0
Zovi,425,0,Bypassed,,,0
BlueStone,426,1,Bypassed,,,0
Voylla,427,1,Bypassed,,,0
"India Emporium",439,1,Bypassed,,,0
"Sapna Online",451,1,Bypassed,,,0
ItalianoTUCCI,1010,0,Bypassed,,,0
Bumpersales.in,1011,0,Bypassed,,,0
OneRx,1012,0,Bypassed,,,0
MyMobileMart,1013,0,Bypassed,,,0
Takshu,1014,0,Bypassed,,,0
Dealtz,1015,0,Bypassed,,,0
HardwareBajaar,1016,0,Bypassed,,,0
143shopping,1019,0,Bypassed,,,0
India'O'mart,1021,0,Bypassed,,,0
"Durga Books Agency",1020,0,Bypassed,,,0
ShopByChoice,1022,0,Bypassed,,,0
"Deal Kya Hai",1024,0,Bypassed,,,0
Paragon,1025,0,Bypassed,,,0
Kaamastra,1026,0,Bypassed,,,0
Gobol,1027,0,Bypassed,,,0
Peopleskart,1029,0,Bypassed,,,0
"sai ram online store",1030,0,Bypassed,,,0
shahid.sales@buyhatke.com,1031,0,Bypassed,,,0
"Lowprice Online",1032,0,Bypassed,,,0
BuyDirekt,1033,0,Bypassed,,,0
Biggcart,1034,0,Bypassed,,,0
gopals,1036,0,Bypassed,,,0
books.rediff.com,1037,0,Bypassed,,,0
Bookjugad,1038,0,Bypassed,,,0
"SB Equipments",1039,0,Bypassed,,,0
"Specs Retail",1040,0,Bypassed,,,0
Shopymart,1041,0,Bypassed,,,0
Full2shopping,1042,0,Bypassed,,,0
www.sugarpie.in,1043,0,Bypassed,,,0
SSSCART,1045,0,Bypassed,,,0
iBhejo,1046,0,Bypassed,,,0
Retailbunny.com,1047,0,Bypassed,,,0
Saifeesons,1048,0,Bypassed,,,0
"Satnam Rice Bhandar",1049,0,Bypassed,,,0
OnlySSD,1050,0,Bypassed,,,0
ACTIVRPIXEL,1051,0,Bypassed,,,0
GreenDust,1052,0,Bypassed,,,0
"Slan Foods",1053,0,Bypassed,,,0
Printsasia.in,1054,0,Bypassed,,,0
"sdk technologies",1055,0,Bypassed,,,0
shopeyard,1056,0,Bypassed,,,0
Solomon,1057,0,Bypassed,,,0
abcdkey.com,1058,0,Bypassed,,,0
Bewakoof,1059,0,Bypassed,,,0
PURSHO,1061,0,Bypassed,,,0
"Urban Dazzle",1062,0,Bypassed,,,0
BoonToon,1063,0,Bypassed,,,0
CareerOrbits,1064,0,Bypassed,,,0
balajishop12,1065,0,Bypassed,,,0
"Bean Bag Online",1066,0,Bypassed,,,0
RateToRate,1067,0,Bypassed,,,0
Healthgenie,1068,0,Bypassed,,,0
"Moods Condoms",1069,0,Bypassed,,,0
SHILPKART,1070,0,Bypassed,,,0
MONJARDEALS,1071,0,Bypassed,,,0
BigThela.com,1072,0,Bypassed,,,0
Soyng,1073,0,Bypassed,,,0
CrazeeMania,1074,0,Bypassed,,,0
tintinshoppe,1075,0,Bypassed,,,0
Khantil,1076,0,Bypassed,,,0
"Angel Fragrance",1077,0,Bypassed,,,0
"Suranas Jewelove",1078,0,Bypassed,,,0
"Mozart Singh",1079,0,Bypassed,,,0
"SMART BUY",1080,0,Bypassed,,,0
Infikart,1081,0,Bypassed,,,0
Buxsa.com,1082,0,Bypassed,,,0
Buytestseries,1083,0,Bypassed,,,0
"om tex",1084,0,Bypassed,,,0
grabNwrap,1085,0,Bypassed,,,0
Popnetic,1086,0,Bypassed,,,0
PortaMart,1087,0,Bypassed,,,0
Nplabel,1088,0,Bypassed,,,0
"Crasters Inn",1089,0,Bypassed,,,0
"Traditional 2 Trendy",1090,0,Bypassed,,,0
shopperszilla,1091,0,Bypassed,,,0
ElaboreStore,1092,0,Bypassed,,,0
"HOTZ FASHION",1093,0,Bypassed,,,0
zoffio,1094,0,Bypassed,,,0
"purple tree",1095,0,Bypassed,,,0
masteringphotoshop.com,1097,0,Bypassed,,,0
Cart2India,1098,0,Bypassed,,,0
Wearitin,1099,0,Bypassed,,,0
"sheela enterprises",1101,0,Bypassed,,,0
"Eden Overseas",1102,0,Bypassed,,,0
premiumcollection,1103,0,Bypassed,,,0
"Rv Marketing",1104,0,Bypassed,,,0
Ibscart,1105,0,Bypassed,,,0
Group-Pharma,1106,0,Bypassed,,,0
coollingerierajbeer,1107,0,Bypassed,,,0
"v scarves",1108,0,Bypassed,,,0
jabraat,1109,0,Bypassed,,,0
luxerium,1110,0,Bypassed,,,0
KARTNBUY,1111,0,Bypassed,,,0
"Stanley Kane",1112,0,Bypassed,,,0
Teach,1113,0,Bypassed,,,0
DOOR2DOOR,1114,0,Bypassed,,,0
"Malabar Shopping",1115,0,Bypassed,,,0
Compuindia.com,1116,0,Bypassed,,,0
ProteinsIndia,1117,0,Bypassed,,,0
Talash.com,1118,0,Bypassed,,,0
BlissBasket,1119,0,Bypassed,,,0
SHOPPINGBAAZ,1120,0,Bypassed,,,0
store503,1121,0,Bypassed,,,0
Nuttymart,1122,0,Bypassed,,,0
getezee,1123,0,Bypassed,,,0
Purplle,900,1,Bypassed,,,0
FreeCultr,901,0,Bypassed,,,0
"prime time",1124,0,Bypassed,,,0
"Giftease Kart",1125,0,Bypassed,,,0
Provogue,1126,0,Bypassed,,,0
Binocolor,1127,0,Bypassed,,,0
yufta.com,1128,0,Bypassed,,,0
STYLINER,1129,0,Bypassed,,,0
Yepme,1130,0,Bypassed,,,0
Socrase,1131,0,Bypassed,,,0
Sparklejewells,1132,0,Bypassed,,,0
Bling4u,1133,0,Bypassed,,,0
Shoppinping,1134,0,Bypassed,,,0
Trendylicious,1135,0,Bypassed,,,0
Kakori,1136,0,Bypassed,,,0
Keepitclean,1137,0,Bypassed,,,0
Gadgetshut,1138,0,Bypassed,,,0
Lessthantwo,1139,0,Bypassed,,,0
Gamefrog,1140,0,Bypassed,,,0
Aidalane,1141,0,Bypassed,,,0
YeDeal,1142,0,Bypassed,,,0
Floweraura,1143,0,"Admit Ad",https://www.floweraura.com/,https://ad.admitad.com/g/et5eb0p7lj73d450234dd1731442f2/,0
anzuefashions,1144,0,Bypassed,,,0
Jabraat.com,1145,0,Bypassed,,,0
homeshoppi,1146,0,Bypassed,,,0
shopcrazydeal,1147,0,Bypassed,,,0
Balloonistics,1148,0,Bypassed,,,0
Smesauda,1149,0,Bypassed,,,0
DealsOnDth,1150,0,Bypassed,,,0
"My Craft Hub",1151,0,Bypassed,,,0
"Vu LED TV",1152,0,Bypassed,,,0
Swarajshop.com,1153,0,Bypassed,,,0
Clothion,1154,0,Bypassed,,,0
Shopoj.in,1155,0,Bypassed,,,0
"GNR INC",1156,0,Bypassed,,,0
eNetram,1157,0,Bypassed,,,0
bluegape,1158,0,Bypassed,,,0
"Triveni Fashions",1159,0,Bypassed,,,0
"Royal Fashion Shop",1161,0,Bypassed,,,0
iKings,1160,0,Bypassed,,,0
Eazyshopping4u,1162,0,Bypassed,,,0
"Viá»‡c buÃ´n bÃ¡n - the vietnamese online store",1163,0,Bypassed,,,0
"Netshop Retail",1164,0,Bypassed,,,0
chilisdeals,1165,0,Bypassed,,,0
"Mrig Studios",1168,0,Bypassed,,,0
"Sun Fashions",1169,0,Bypassed,,,0
thefishmaret.in,1170,0,Bypassed,,,0
BestPrice,1171,0,Bypassed,,,0
SyberPlace,1174,0,Bypassed,,,0
Indianroots,1175,0,Bypassed,,,0
"Utsav Fashion",1176,0,Bypassed,,,0
"Bag it today",1177,0,Bypassed,,,0
Stylehoops,1178,0,Bypassed,,,0
Faballey,1179,0,Bypassed,,,0
Starcj,1180,0,Bypassed,,,0
Bharatplaza,1181,0,Bypassed,,,0
Djewels.org,1182,0,Bypassed,,,0
Krishkare,1183,0,Bypassed,,,0
BlessingStore,1184,0,Bypassed,,,0
Mindsclick,1185,0,Bypassed,,,0
Walcart,1186,0,Bypassed,,,0
"Smart Buy Deal",1187,0,Bypassed,,,0
ShoppersTech,1189,0,Bypassed,,,0
Inkflame,1190,0,Bypassed,,,0
SmartShophar.com,1191,0,Bypassed,,,0
Shopnova.in,1192,0,Bypassed,,,0
"free samples in india",1193,0,Bypassed,,,0
Chumbak,902,1,"Admit Ad",https://www.chumbak.com/,https://ad.admitad.com/g/8522h1jqqo73d450234d51514c771c/,0
UNLTDOFFERS,1194,0,Bypassed,,,0
KnottyKart,1195,0,Bypassed,,,0
Gofitindia.com,1196,0,Bypassed,,,0
GadgetsDukaan,1197,0,Bypassed,,,0
WhiteMango.in,1198,0,Bypassed,,,0
"gadgets mafia",1199,0,Bypassed,,,0
Zohraa,1200,0,Bypassed,,,0
faverdeal,1201,0,Bypassed,,,0
AbhiLelo,1202,0,Bypassed,,,0
Shopgenx,1203,0,Bypassed,,,0
"Sharda Sarees",1204,0,Bypassed,,,0
"seernirai handicraft",1205,0,Bypassed,,,0
j-admin,1206,0,Bypassed,,,0
aapnoshop,1207,0,Bypassed,,,0
EndeavorCAreers,1208,0,Bypassed,,,0
Shoppers99,1209,0,Bypassed,,,0
Frinkytown,1210,0,Bypassed,,,0
"Epicstar Enterprise",1211,0,Bypassed,,,0
PosterGuy,1212,0,Bypassed,,,0
"Led Lighting",1213,0,Bypassed,,,0
Advancenutratech,1214,0,Bypassed,,,0
"HOPE Entrepreneurs PVT LTD",1215,0,Bypassed,,,0
"Shop Luxury",1216,0,Bypassed,,,0
"vaishnovi jewelery",1217,0,Bypassed,,,0
OrderVenue.com,1218,0,Bypassed,,,0
blogstylo,1219,0,Bypassed,,,0
"Dail Shoppers",1220,0,Bypassed,,,0
Alloykart,1221,0,Bypassed,,,0
"Warp And Weft",1222,0,Bypassed,,,0
Elitify,1223,0,Bypassed,,,0
"MAZORIA CAFE",1224,0,Bypassed,,,0
FlipDel,1225,0,Bypassed,,,0
Zooomberg,1226,0,Bypassed,,,0
Saurabhbsns,1227,0,Bypassed,,,0
Sapnaonline.com,1228,0,Bypassed,,,0
CustoTee,1229,0,Bypassed,,,0
"Ambara Empire",1230,0,Bypassed,,,0
"Smile N Buy",1231,0,Bypassed,,,0
jmshopping,1232,0,Bypassed,,,0
HealthTokri,1233,0,Bypassed,,,0
"Kudos Fashions",1234,0,Bypassed,,,0
Feyeshoppy,1235,0,Bypassed,,,0
FemNmas,1236,0,Bypassed,,,0
eSmartDeals,1237,0,Bypassed,,,0
"Aurangabadkar Saraf",1238,0,Bypassed,,,0
Socktail,1239,0,Bypassed,,,0
Dealshott,1240,0,Bypassed,,,0
"AQUA 7X",1241,0,Bypassed,,,0
Goldencollections,1242,0,Bypassed,,,0
"Shivam Plastics",1243,0,Bypassed,,,0
FurnishFantasy,1244,0,Bypassed,,,0
kharidlay.com,1245,0,Bypassed,,,0
PrimeABGB,1246,0,Bypassed,,,0
Tapyti,1247,0,Bypassed,,,0
"Cheer Shopping",1248,0,Bypassed,,,0
test,1249,0,Bypassed,,,0
YoWebby.Com,1250,0,Bypassed,,,0
"Veena Bazaar",1251,0,Bypassed,,,0
"Oh Nine One Fashion & Retail Pvt Ltd",1252,0,Bypassed,,,0
"the furniture store",1253,0,Bypassed,,,0
Overcart,1254,0,Bypassed,,,0
Shop4Deal,1255,0,Bypassed,,,0
"Shopping Experia",1256,0,Bypassed,,,0
Habbana.com,1257,0,Bypassed,,,0
Zerel,1258,0,Bypassed,,,0
iStylefreak,1259,0,Bypassed,,,0
"lawangi.com Buy Diwali FireCrackers Online!",1260,0,Bypassed,,,0
elec2buy,1261,0,Bypassed,,,0
Myshopbazzar,1262,0,Bypassed,,,0
kartbin.com,1263,0,Bypassed,,,0
Kota,1264,0,Bypassed,,,0
uditbhatia,1265,0,Bypassed,,,0
EBC,1266,0,Bypassed,,,0
"Buyers Crush",1267,0,Bypassed,,,0
CONNECTWIDE,1268,0,Bypassed,,,0
"Knesta Herbals",1269,0,Bypassed,,,0
comwayonline,1270,0,Bypassed,,,0
"Nautanki Fashion Store",1271,0,Bypassed,,,0
OnEMi,1272,0,Bypassed,,,0
Buysimple,1273,0,Bypassed,,,0
"BIG Chemist",1274,0,Bypassed,,,0
Feerol,1275,0,Bypassed,,,0
"RB InfoTech",1277,0,Bypassed,,,0
"Acorda Infotech Pvt. Ltd.",1278,0,Bypassed,,,0
Kumar,1279,0,Bypassed,,,0
Addocart,1280,0,Bypassed,,,0
"Naughty Strands",1282,0,Bypassed,,,0
Indiwear.com,1283,0,Bypassed,,,0
"Oh Nine One",1284,0,Bypassed,,,0
Collectabillia,1285,0,Bypassed,,,0
"Sports 365",1286,0,Bypassed,,,0
Banglewale,1287,0,Bypassed,,,0
Makemytrip,1288,0,"optimisemedia - omgt5, omgt3",https://www.makemytrip.com/,https://clk.omgt5.com/?PID=28810&AID=368059,0
Cleartrip,1289,0,Clickonik,https://www.cleartrip.com/,https://clickonik.go2cloud.org/aff_c?offer_id=615&aff_id=1646,0
Redbus,1290,0,Bypassed,,,0
Travelguru,1291,0,Bypassed,,,0
Ticketgoose,1292,0,Bypassed,,,0
Yatra,1293,0,Bypassed,,,0
Goibibo,1294,0,Bypassed,,,0
expedia,1295,0,Bypassed,,,0
Musafir,1296,0,Bypassed,,,0
"Metro Bazaar",1297,0,Bypassed,,,0
"Books Wagon",1298,0,Bypassed,,,0
BeltKart,1299,0,Bypassed,,,0
"GetTrek Smart Attendance System",1300,0,Bypassed,,,0
UniqInfoTechIndia,1301,0,Bypassed,,,0
atisundar.com,1302,0,Bypassed,,,0
naturebreed,1303,0,Bypassed,,,0
SALEBRATIONS,1304,0,Bypassed,,,0
Zevrr,1305,0,Bypassed,,,0
Asianbigbazaar,1306,0,Bypassed,,,0
SchoolPep,1307,0,Bypassed,,,0
Fyne,1308,0,Bypassed,,,0
"Segment Retails",1310,0,Bypassed,,,0
"arya investment",1311,0,Bypassed,,,0
"HAPPY KIDZ",1312,0,Bypassed,,,0
"Surplus Bazar",1313,0,Bypassed,,,0
xtremeonlinestore,1314,0,Bypassed,,,0
martnext,1316,0,Bypassed,,,0
Discownt,1318,0,Bypassed,,,0
Merakapda,1319,0,Bypassed,,,0
DIVESH,1320,0,Bypassed,,,0
Ebay.in,1321,0,Bypassed,,,0
"THE MOBILESTORE",1323,0,Bypassed,,,0
Slimthread,1324,0,Bypassed,,,0
"Diamond Nexus India",1325,0,Bypassed,,,0
Meridian,1326,0,Bypassed,,,0
"Vidya Books",1328,0,Bypassed,,,0
Flazee,1329,0,Bypassed,,,0
"Pearl Paradise",1330,0,Bypassed,,,0
Paytm,1331,0,Bypassed,https://paytm.com/,,0
PeopleEasy.com,1332,0,Bypassed,,,0
buybuk,1333,0,Bypassed,,,0
koshimbir,1334,0,Bypassed,,,0
"EMiBazaar.com powered by OnEMi.in",1335,0,Bypassed,,,0
Mycityflowers,1336,0,Bypassed,,,0
GameXS,1337,0,Bypassed,,,0
SparesHub,1338,0,Bypassed,,,0
"Canopies The online Store",1339,0,Bypassed,,,0
"Sterling Home Innovators Pvt. Ltd.",1340,0,Bypassed,,,0
"Help On Wheels",1341,0,Bypassed,,,0
Fleaffair,1342,0,Bypassed,,,0
onlineshop,1343,0,Bypassed,,,0
"SG Musical",1344,0,Bypassed,,,0
handloomdaddy,1345,0,Bypassed,,,0
"Stylish Bazaar",1347,0,Bypassed,,,0
Freecharge,1348,0,Bypassed,,,0
FoodPanda,1349,0,Bypassed,,,0
TastyKhana,1350,0,Bypassed,,,0
JustEat,1351,0,Bypassed,,,0
Dominos,1352,0,"Admit Ad",https://pizzaonline.dominos.co.in/,https://ad.admitad.com/g/a0nj9bukvf73d450234d414c0f7cc5/,0
PizzaHut,1353,0,Bypassed,,,0
myDigimart,1354,0,Bypassed,,,0
Fashionstyler,1355,0,Bypassed,,,0
"Bholanath Garments",1356,0,Bypassed,,,0
MELBON,1357,0,Bypassed,,,0
BazaarCart,1358,0,Bypassed,,,0
1stbuy,1359,0,Bypassed,,,0
OceanHomeStore,1360,0,Bypassed,,,0
Shippme,1362,0,Bypassed,,,0
JASMINBHAI,1363,0,Bypassed,,,0
fastindiashop,1364,0,Bypassed,,,0
Shimply,1365,0,Bypassed,,,0
bigoffershop,1366,0,Bypassed,,,0
"Her Choice",1367,0,Bypassed,,,0
"Lab No. 4 - The Quotography Department",1369,0,Bypassed,,,0
nightingale,1370,0,Bypassed,,,0
"C_Cradle---YouR OnlinE ShoppinG PartneR",1371,0,Bypassed,,,0
"The Pen World",1372,0,Bypassed,,,0
Befunkies,1373,0,Bypassed,,,0
kidswids,1375,0,Bypassed,,,0
"Next Dress",1376,0,Bypassed,,,0
DoorDeals,1377,0,Bypassed,,,0
Zoprix,1378,0,Bypassed,,,0
Omegakart,1379,0,Bypassed,,,0
"AQUIL ENTERPRISES",1380,0,Bypassed,,,0
"TIA Creation",1381,0,Bypassed,,,0
www.wearwristband.com,1382,0,Bypassed,,,0
LoginKART,1383,0,Bypassed,,,0
AcMahabazaar,1384,0,Bypassed,,,0
"Flipcart,Amazone",1385,0,"Admit Ad",https://amazon.in/,https://admitad.com/,0
MOBILEWALA,1386,0,Bypassed,,,0
"Baniyababu Retails Pvt. Ltd",1387,0,Bypassed,,,0
mallforindia,1388,0,Bypassed,,,0
"A1 Designer Wear",1389,0,Bypassed,,,0
"Festivalas India",1390,0,Bypassed,,,0
moOOou,1391,0,Bypassed,,,0
"Abel Estore",1392,0,Bypassed,,,0
ClassicAccess.com,1393,0,Bypassed,,,0
"Kaizer Jewelry",1394,0,Bypassed,,,0
"Hashmi Mart",1395,0,Bypassed,,,0
tinydeal.com,1396,0,Bypassed,,,0
"Shoping Inc",1397,0,Bypassed,,,0
"D Store",1398,0,Bypassed,,,0
lapguard,1399,0,Bypassed,,,0
Jazzmyride,1400,0,Bypassed,,,0
SimpleSarees,1401,0,Bypassed,,,0
"Unmatched Solutions Pvt Ltd",1402,0,Bypassed,,,0
npitjunction.com,1403,0,Bypassed,,,0
"Tv Teleshopping",1404,0,Bypassed,,,0
robocraze,1405,0,Bypassed,,,0
nowbestdeal,1406,0,Bypassed,,,0
XtraKart,1407,0,Bypassed,,,0
"Bags Craze",1408,0,Bypassed,,,0
"Rivera Sarees",1409,0,Bypassed,,,0
Heustyle,1166,0,Bypassed,,,0
Fashionove.com,1410,0,Bypassed,,,0
Crazekart,1411,0,Bypassed,,,0
OyeKitchen.com,1412,0,Bypassed,,,0
Subhdeal,1413,0,Bypassed,,,0
"Dharavi Market",1414,0,Bypassed,,,0
YourDeal,1415,0,Bypassed,,,0
Jantabazaar,1416,0,Bypassed,,,0
"SEE-social economic environmental",1418,0,Bypassed,,,0
"Kanico Store",1419,0,Bypassed,,,0
"V & V Shop",1420,0,Bypassed,,,0
MishreeSaree,1421,0,Bypassed,,,0
IndiaInMyBag,1422,0,Bypassed,,,0
Avikart.com,1423,0,Bypassed,,,0
"bigcmobiles pvt ltd",1424,0,Bypassed,,,0
thetubelights,1425,0,Bypassed,,,0
Ankit,1426,0,Bypassed,,,0
Clickedia,1427,0,Bypassed,,,0
"Orveno Store",1428,0,Bypassed,,,0
paytmmall,1429,1,Bypassed,https://paytmmall.com/,https://ad.admitad.com/g/skgi6a1tct73d450234d6339fea834/,0
"Make My Kart",1431,0,Bypassed,,,0
"My Novelty Shop",1432,0,Bypassed,,,0
"AROMA STORE",1433,0,Bypassed,,,0
"F3 FASION",1434,0,Bypassed,,,0
Techzone,1435,0,Bypassed,,,0
ShopForStar,1436,0,Bypassed,,,0
"Naughty At9",1437,0,Bypassed,,,0
"Colo Venture",1439,0,Bypassed,,,0
OrganoNutri,1440,0,Bypassed,,,0
"Sunshine Kitchen Appliances",1441,0,Bypassed,,,0
Niftybuys.com,1555,0,Bypassed,,,0
"American Swan",1556,0,Bypassed,,,0
CRYPTICvoodoo,1557,0,Bypassed,,,0
BUYHATKE,1558,0,Bypassed,,,0
Komastore,1559,0,Bypassed,,,0
Oneplusone,1560,0,Bypassed,,,0
"e-Age World",1561,0,Bypassed,,,0
Shopeling,1562,0,Bypassed,,,0
BeautyAndGlamourShop,1563,0,Bypassed,,,0
fatkart,1564,0,Bypassed,,,0
Ethnicflow,1565,0,Bypassed,,,0
Everythingsasta,1566,0,Bypassed,,,0
Travelgyani,1567,0,Bypassed,,,0
SlamBaby,1568,0,Bypassed,,,0
AsiaSuperdeal,1569,0,Bypassed,,,0
KaBloom,1572,0,Bypassed,,,0
"Maa Annapurna Traders",1573,0,Bypassed,,,0
Jain,1574,0,Bypassed,,,0
"Aayush Stores",1575,0,Bypassed,,,0
"Indian Gifts Portal",1576,0,Bypassed,,,0
TheWebStore.In,1577,0,Bypassed,,,0
"Basics Life",1578,1,Bypassed,,,0
khoobsurati,1579,0,Bypassed,,,0
Uread,1580,1,Bypassed,,,0
GiftsByMeeta,1584,0,Bypassed,,,0
AcadZone,1585,0,Bypassed,,,0
GoodLife,1586,0,Bypassed,,,0
64arts.in,1587,0,Bypassed,,,0
duhkan,1589,0,Bypassed,,,0
"Mithas By Sumeeta",1590,0,Bypassed,,,0
"Har Pal Shopping",1592,0,Bypassed,,,0
Fioly,1593,0,Bypassed,,,0
NSTech,1594,0,Bypassed,,,0
woshoppe,1595,0,Bypassed,,,0
CoolBuy,1597,0,Bypassed,,,0
faithonlineshop.com,1598,0,Bypassed,,,0
"Indian Saree Store",1599,0,Bypassed,,,0
"AJ Enterprises",1600,0,Bypassed,,,0
"komal enterprise",1601,0,Bypassed,,,0
wearwristband,1602,0,Bypassed,,,0
"Daimond Watch & Sevice",1603,0,Bypassed,,,0
"Diabetics Dezire",1604,0,Bypassed,,,0
Shoffex.com,1605,0,Bypassed,,,0
mytimeout.in,1607,0,Bypassed,,,0
photohaat.com,1608,0,Bypassed,,,0
ORDER2INDIA,1609,0,Bypassed,,,0
"Jain Retail",1610,0,Bypassed,,,0
Luxuriat,1611,0,Bypassed,,,0
kraftbuy,1612,0,Bypassed,,,0
JubiDubi,1613,0,Bypassed,,,0
Zikimo.com,1614,0,Bypassed,,,0
Springfinity,1615,0,Bypassed,,,0
SlashKart,1616,0,Bypassed,,,0
IndiaInMyBag.com,1617,0,Bypassed,,,0
SWASTIKLIFE,1618,0,Bypassed,,,0
Bullakart,1619,0,Bypassed,,,0
Jagzee.com,1620,0,Bypassed,,,0
Trendzcollection,1621,0,Bypassed,,,0
"ANMOL JEWELS & PEARLS",1622,0,Bypassed,,,0
Batorle.com,1623,0,Bypassed,,,0
"MUKTA MISHREE EXPORTS",1624,0,Bypassed,,,0
"Carpet and Textile",1625,0,Bypassed,,,0
stores.skilglobal.com,1626,0,Bypassed,,,0
zindagi,1627,0,Bypassed,,,0
Yogalz,1628,0,Bypassed,,,0
Archies,4383,0,Bypassed,,,0
SirfBuy,1630,0,Bypassed,,,0
"TKM Deals",1631,0,Bypassed,,,0
MyWannaDO,1632,0,Bypassed,,,0
"Ghadi Kart",1633,0,Bypassed,,,0
owomaniya,1634,0,Bypassed,,,0
Fashionvolcano,1635,0,Bypassed,,,0
shop19,1636,0,Bypassed,,,0
smartkeyz,1637,0,Bypassed,,,0
SmartOffix,1638,0,Bypassed,,,0
"GreenZ Car Care",1639,0,Bypassed,,,0
MyIndiaShop,1640,0,Bypassed,,,0
PareedhanWear,1641,0,Bypassed,,,0
Easyshopper.in,1642,0,Bypassed,,,0
singh,1644,0,Bypassed,,,0
"Sporting Cart",1645,0,Bypassed,,,0
LateNightDolls,1646,0,Bypassed,,,0
"SURAT FASHION MART",1647,0,Bypassed,,,0
"ANMOL JEWELS&PEARLS",1648,0,Bypassed,,,0
KoviBazaar,1649,0,Bypassed,,,0
"Laverii International",1650,0,Bypassed,,,0
Stylenmart,1651,0,Bypassed,,,0
Demyto,1652,0,Bypassed,,,0
"Smart Shelter",1653,0,Bypassed,,,0
D3collection,1656,0,Bypassed,,,0
SuperDeals,1657,0,Bypassed,,,0
Leatherack,1658,0,Bypassed,,,0
"Z Fashion",1659,0,Bypassed,,,0
Healthravia,1660,0,Bypassed,,,0
"snap deal",1662,0,Bypassed,,,0
Alliedhunt,1663,0,Bypassed,,,0
RDH,1664,0,Bypassed,,,0
DikeKart,1665,0,Bypassed,,,0
"Rockstar Enterprices",1666,0,Bypassed,,,0
Thomascook,1667,0,Bypassed,,,0
"Silkcity Fashion",1668,0,Bypassed,,,0
VVSHOP,1669,0,Bypassed,,,0
"hari krishna sarees",1670,0,Bypassed,,,0
"Scoova Exim",1671,0,Bypassed,,,0
"Variation Fashion",1672,0,Bypassed,,,0
Brandtrendz,1673,0,Bypassed,,,0
"Portland International",1674,0,Bypassed,,,0
Wonderchef,1675,0,"Admit Ad",https://www.wonderchef.com/,https://ad.admitad.com/g/d2482wrkee73d450234dc146d03cf3/,0
awesomedays.in,1676,0,Bypassed,,,0
"Assam Tea",1677,0,Bypassed,,,0
LekeDekh,1678,0,Bypassed,,,0
"Graphene Armor Glass",1679,0,Bypassed,,,0
Reykart,1680,0,Bypassed,,,0
"Campus Sutra",1681,0,Bypassed,,,0
Getvella,1682,0,Bypassed,,,0
DudesDeal,1683,0,Bypassed,,,0
"Left Lane Shop",1684,0,Bypassed,,,0
"ZEAL ENTERPRISES",1685,0,Bypassed,,,0
"ANTS Clothing",1686,0,Bypassed,,,0
FabSale,1688,0,Bypassed,,,0
"Dilli Ka Maal",1689,0,Bypassed,,,0
neartion,1690,0,Bypassed,,,0
veneesa,1691,0,Bypassed,,,0
Tallboy,1692,0,Bypassed,,,0
999max,1693,0,Bypassed,,,0
Getalways.in,1695,0,Bypassed,,,0
Gajabo,1696,0,Bypassed,,,0
Deep,1697,0,Bypassed,,,0
vasilli,1698,0,Bypassed,,,0
Swanvi,1701,0,Bypassed,,,0
SafetyKart.com,1702,0,Bypassed,,,0
Mobilegear,1704,0,Bypassed,,,0
Stophere,1705,0,Bypassed,,,0
SmartShophar,1706,0,Bypassed,,,0
simple2buy,1708,0,Bypassed,,,0
MyIconicHome,1709,0,Bypassed,,,0
Vendorvilla,1710,0,Bypassed,,,0
"Hindustan Wellness",1711,0,Bypassed,,,0
"Touchy Toys",1712,0,Bypassed,,,0
Variation,1713,0,Bypassed,,,0
"Bollywood Designer",1715,0,Bypassed,,,0
"House Attire",1716,0,Bypassed,,,0
Bigwig,1718,0,Bypassed,,,0
MastiMall,1720,0,Bypassed,,,0
"EMQUIP STORE",1721,0,Bypassed,,,0
"Surface 180",1722,0,Bypassed,,,0
"Unique Fashion",1723,0,Bypassed,,,0
Attabouy,1724,0,Bypassed,,,0
"Shopo Green",1725,0,Bypassed,,,0
Shopalldaykids,1726,0,Bypassed,,,0
Billioncrafts,1727,0,Bypassed,,,0
Styleever,1728,0,Bypassed,,,0
"Victory hair oil",1729,0,Bypassed,,,0
choice4u,1730,0,Bypassed,,,0
"Lucky Maskot",1731,0,Bypassed,,,0
"Silons Designer",1732,0,Bypassed,,,0
"Herbal Aid Limited",1733,0,Bypassed,,,0
BeadsnFashion,1734,0,Bypassed,,,0
"Dhamaal shop",1735,0,Bypassed,,,0
Arthealth,1736,0,Bypassed,,,0
Glowbug,1737,0,Bypassed,,,0
koreway.com,1738,0,Bypassed,,,0
zaptok.com,1739,0,Bypassed,,,0
"My Digital Retail",1740,0,Bypassed,,,0
Hindbuy,1741,0,Bypassed,,,0
"Manglam Jewellers",1742,0,Bypassed,,,0
"Amar Chitra Katha",1744,0,Bypassed,,,0
"The Fashion World",1745,0,Bypassed,,,0
bikersshoppe.com,1746,0,Bypassed,,,0
eshopready,1747,0,Bypassed,,,0
"Zoom Fabrics",1748,0,Bypassed,,,0
JustKartIt,1749,0,Bypassed,,,0
IndiaProteins,1750,0,Bypassed,,,0
Lincospa,1751,0,Bypassed,,,0
Ninecolours,1752,0,Bypassed,,,0
IndianZari.com,1753,0,Bypassed,,,0
Sports365,1754,0,Bypassed,,,0
Kawachigroup,1755,0,Bypassed,,,0
cartyshop,1757,0,Bypassed,,,0
Flopkart,1758,0,Bypassed,,,0
Panunkart,1759,0,Bypassed,,,0
Amzer.co.in,1760,0,Bypassed,,,0
"Acupressure Natural Care System",1761,0,Bypassed,,,0
mydealsale,1762,0,Bypassed,,,0
Ethnicfashionista.com,1763,0,Bypassed,,,0
GPAEXIM,1764,0,Bypassed,,,0
meghdoot,1765,0,Bypassed,,,0
MESHOPPY,1766,0,Bypassed,,,0
Bestofelectricals,1767,0,Bypassed,,,0
"Universal Mart",1768,0,Bypassed,,,0
"Sumit mobile and computers",1769,0,Bypassed,,,0
"Krafts Mela",1770,0,Bypassed,,,0
streetbazaar.in,1771,0,Bypassed,,,0
Moskart,1772,0,Bypassed,,,0
Edu4share.com,1773,0,Bypassed,,,0
"Parrk  E Commerce Llp",1774,0,Bypassed,,,0
Veneesa.Com,1775,0,Bypassed,,,0
"G.S.INSTRUMENTS INDUSTRIES",1776,0,Bypassed,,,0
"Dark Forest",1777,0,Bypassed,,,0
Mishra,1778,0,Bypassed,,,0
PRICEVELLY,1780,0,Bypassed,,,0
"Shivam Enterprise",1781,0,Bypassed,,,0
Khareedi,1782,0,Bypassed,,,0
online365,1783,0,Bypassed,,,0
books,1784,0,Bypassed,,,0
tvkart,1786,0,Bypassed,,,0
SareesBazaar,1787,0,Bypassed,,,0
"hue threads",1788,0,Bypassed,,,0
Fashion24365,1790,0,Bypassed,,,0
Magicmarket,1791,0,Bypassed,,,0
"Spare World",1792,0,Bypassed,,,0
www.bikegear.in,1793,0,Bypassed,,,0
"Fair and Care",1794,0,Bypassed,,,0
egaffar.com,1796,0,Bypassed,,,0
Fabefy,1798,0,Bypassed,,,0
Snapshopping,1799,0,Bypassed,,,0
"galaxy bazar",1800,0,Bypassed,,,0
"qk Re-store",1801,0,Bypassed,,,0
1800sports,1802,0,Bypassed,,,0
"DECALS ARTS",1803,0,Bypassed,,,0
IMBling,1804,0,Bypassed,,,0
"Raj Cottage Industries",1805,0,Bypassed,,,0
Kitchenwind,1806,0,Bypassed,,,0
JubiDubi.com,1807,0,Bypassed,,,0
Shopmonk,1808,0,Bypassed,,,0
TimberTaste,1809,0,Bypassed,,,0
Voganow,1811,0,Bypassed,,,0
"24 Online Bazar",1812,0,Bypassed,,,0
Bunnycart,1814,0,Bypassed,,,0
"The Amazing Deal",1815,0,Bypassed,,,0
AakashEstore.com,1816,0,Bypassed,,,0
jewelvilla,1817,0,Bypassed,,,0
sports4change,1818,0,Bypassed,,,0
fashionandyou,1819,0,Bypassed,,,0
Tinyowl,1821,0,Bypassed,,,0
Swiggy,1822,1,"optimisemedia - omgt5, omgt3",https://www.swiggy.com/,https://clk.omgt5.com/?PID=15281&AID=368059,0
KFC,1823,1,Bypassed,,,0
PapaJohns,1824,1,Bypassed,,,0
StalkBuyLove,1825,0,Bypassed,,,0
Voxpop,1826,1,Bypassed,,,0
UrbanLadder,1827,0,Bypassed,,,0
AskMeBazaar,1828,0,Bypassed,,,0
BookMyShow,1829,1,Bypassed,,,0
Mobikwik,1820,1,Bypassed,,,0
Nykaa,1830,1,Bypassed,,,0
BigRock,21,1,"Admit Ad",https://www.bigrock.in/,https://ad.admitad.com/g/5354v1olnh73d450234d2fcb64894f/,0
Rissachi.com,1831,0,Bypassed,,,0
"laser tools",1833,0,Bypassed,,,0
"KANCHAN & Co.",1834,0,Bypassed,,,0
24x7shoponline,1835,0,Bypassed,,,0
rakdeal,1836,0,Bypassed,,,0
"Fashion Now",1837,0,Bypassed,,,0
"Shop For 100",1838,0,Bypassed,,,0
"shopneez fashion",1839,0,Bypassed,,,0
"NAMO HOUSE",1840,0,Bypassed,,,0
Jhumrookart,1841,0,Bypassed,,,0
"Martever Online Shopping",1842,0,Bypassed,,,0
Shopnshops,1844,0,Bypassed,,,0
Gadgetbucket,1846,0,Bypassed,,,0
SIXMETER,1847,0,Bypassed,,,0
DESIGNGHAR,1848,0,Bypassed,,,0
BuyZdeal.com,1849,0,Bypassed,,,0
Tatynerds,1851,0,Bypassed,,,0
Dubey,1852,0,Bypassed,,,0
Moladz,1854,0,Bypassed,,,0
Frabjous,1855,0,Bypassed,,,0
Rakholiya,1856,0,Bypassed,,,0
Groskart,1857,0,Bypassed,,,0
Crazyvilla,1858,0,Bypassed,,,0
MeraBhai,1859,0,Bypassed,,,0
SearchOldBooks,1860,0,Bypassed,,,0
eGaffar,1861,0,Bypassed,,,0
Muxyn,1862,0,Bypassed,,,0
"Unique Collections",1864,0,Bypassed,,,0
Knoked,1865,0,Bypassed,,,0
BUYONKART,1866,0,Bypassed,,,0
"SSG Corporation",1867,0,Bypassed,,,0
Mibusy.com,1868,0,Bypassed,,,0
"UNIQUE GIFTS COLLECTION",1869,0,Bypassed,,,0
ethnicwala,1870,0,Bypassed,,,0
innerbeingstore,1871,0,Bypassed,,,0
"Synergy Fitness Store",1872,0,Bypassed,,,0
Muquam,1873,0,Bypassed,,,0
Shopitious,1874,0,Bypassed,,,0
Silicontrove,1875,0,Bypassed,,,0
Dhrohar,1876,0,Bypassed,,,0
Urjakart.com,1877,0,Bypassed,,,0
"bluechip systems",1878,0,Bypassed,,,0
chillykart,1879,0,Bypassed,,,0
Cacnati,1880,0,Bypassed,,,0
Shopndone,1881,0,Bypassed,,,0
Alwayzgame.com,1882,0,Bypassed,,,0
"BAGZMANIA / WALLETMANIA",1883,0,Bypassed,,,0
DISCOUNTMALL,1884,0,Bypassed,,,0
Cubishop,1885,0,Bypassed,,,0
"Angels Basket",1886,0,Bypassed,,,0
MyNutraMart,1887,0,Bypassed,,,0
SHYAWAY,1888,0,crazybeezmedia,https://www.shyaway.com/?,https://crazyb.go2pixel.org/t/?offer_id=24&aff_id=65,0
sweetkadai,1889,0,Bypassed,,,0
"World of Proteins",1890,0,Bypassed,,,0
urjakart,1892,0,Bypassed,,,0
besprod,1893,0,Bypassed,,,0
BookAura,1894,0,Bypassed,,,0
"Shobingo Online",1895,0,Bypassed,,,0
Fabivo,1896,0,Bypassed,,,0
"Mirchi Fashion",1897,0,Bypassed,,,0
Buildzar,1898,0,Bypassed,,,0
Togofogo.com,1899,0,Bypassed,,,0
Pemfy,1900,0,Bypassed,,,0
tSharks.in,1901,0,Bypassed,,,0
VIJOHN,1902,0,Bypassed,,,0
handicappedproduct,1903,0,Bypassed,,,0
offerbro,1905,0,Bypassed,,,0
waveclues,1906,0,Bypassed,,,0
Buybook24,1907,0,Bypassed,,,0
Bigchoose,1908,0,Bypassed,,,0
Brillions,1909,0,Bypassed,,,0
Underaman,1910,0,Bypassed,,,0
DeoBazaar,1911,0,Bypassed,,,0
"DTH Connect",1912,0,Bypassed,,,0
Decport,1913,0,Bypassed,,,0
"Game Zone India",1914,0,Bypassed,,,0
Cyankart,1915,0,Bypassed,,,0
Offersvalley,1916,0,Bypassed,,,0
Anerradeal,1917,0,Bypassed,,,0
Fcross,1918,0,Bypassed,,,0
BuildTrackâ„¢,1919,0,Bypassed,,,0
Khelkit,1920,0,Bypassed,,,0
Bhishoom,1921,0,Bypassed,,,0
Reefanext.com,1922,0,Bypassed,,,0
LetzeShop,1923,0,Bypassed,,,0
Clublaptop,1924,0,Bypassed,,,0
eSahiba,1925,0,Bypassed,,,0
"Pustakkosh Textbook Rentals",1926,0,Bypassed,,,0
ShopDost,1927,0,Bypassed,,,0
Artbugs,1928,0,Bypassed,,,0
Castkart,1929,0,Bypassed,,,0
FootLounge,1930,0,Bypassed,,,0
ShopnEarn,1931,0,Bypassed,,,0
Sthri,1932,0,Bypassed,,,0
Bestekart,1934,0,Bypassed,,,0
Woodofa,1935,0,Bypassed,,,0
shopingtech,1936,0,Bypassed,,,0
"Annora Collections",1937,0,Bypassed,,,0
GANGLEADER,1938,0,Bypassed,,,0
GiftstoIndia24x7,1939,0,Bypassed,,,0
"maya stickers",1941,0,Bypassed,,,0
Supply,1943,0,Bypassed,,,0
SOKOSKY,1944,0,Bypassed,,,0
Huligun,1945,0,Bypassed,,,0
"Bengali Mart",1946,0,Bypassed,,,0
Fantastical,1947,0,Bypassed,,,0
"ELECTRONIC SUPERMARKET",1948,0,Bypassed,,,0
"aj  design and retail",1949,0,Bypassed,,,0
Brandzcart,1950,0,Bypassed,,,0
Zotezo,1951,0,Bypassed,,,0
MOBIGRAB,1952,0,Bypassed,,,0
"Desi Bonkers",1954,0,Bypassed,,,0
Wotradeal.com,1955,0,Bypassed,,,0
zdelhi,1956,0,Bypassed,,,0
kart9,1957,0,Bypassed,,,0
"Sri Kumaran Industries",1958,0,Bypassed,,,0
MIRACLESFORU,1959,0,Bypassed,,,0
indoselection,1960,0,Bypassed,,,0
"Retail Pharma India",1962,0,Bypassed,,,0
SPARKLES,1963,0,Bypassed,,,0
kirtinilima,1965,0,Bypassed,,,0
HerbalKendra,1966,0,Bypassed,,,0
"Gifting Nest",1968,0,Bypassed,,,0
GymChalo,1969,0,Bypassed,,,0
Mehta,1970,0,Bypassed,,,0
"INDIA ESSY SHOP",1971,0,Bypassed,,,0
Mebelkart,1972,0,Bypassed,,,0
Clovia,1973,1,crazybeezmedia,https://www.clovia.com/,https://crazyb.go2pixel.org/t/?offer_id=8&aff_id=65,0
Kiwi,1974,0,Bypassed,,,0
Zansaar,1975,0,Bypassed,,,0
midkart,1976,0,Bypassed,,,0
"Uttam Enteprises",1977,0,Bypassed,,,0
UPTOWNGALERIA,1978,0,Bypassed,,,0
"zeitgeist retail p ltd",1979,0,Bypassed,,,0
"Sthri Women's Fashions Store",1980,0,Bypassed,,,0
Ubkstore,1982,0,Bypassed,,,0
UpperGirdle,1984,0,Bypassed,,,0
"Ankur Shopping Cart",1985,0,Bypassed,,,0
Phabdeals,1986,0,Bypassed,,,0
Pustakkosh,1987,0,Bypassed,,,0
"Spaceage Security Systems Ltd.",1989,0,Bypassed,,,0
Intimodo,1990,0,Bypassed,,,0
"Big Daddy Deals",1991,0,Bypassed,,,0
Lebaas,1992,0,Bypassed,,,0
xeroshop,1993,0,Bypassed,,,0
"Pethawala Agra",1994,0,Bypassed,,,0
Myshopbazzar.com,1995,0,Bypassed,,,0
Ftrendy,1996,0,Bypassed,,,0
,1997,0,Bypassed,,,0
Wizer,1998,0,Bypassed,,,0
Bookle,1999,0,Bypassed,,,0
GrocersKart,2000,0,Bypassed,,,0
"Hike Store",2002,0,Bypassed,,,0
Shop.cardekho.com,2003,0,Bypassed,,,0
"Gifting City",2004,0,Bypassed,,,0
"Geo Tarpaulin Cart",2005,0,Bypassed,,,0
chestonkart,2007,0,Bypassed,,,0
"Stationery Pillar",2008,0,Bypassed,,,0
"M.M.lungi company",2009,0,Bypassed,,,0
"skin venture",2010,0,Bypassed,,,0
Dealinmart,2011,0,Bypassed,,,0
"qk Restore",2012,0,Bypassed,,,0
thelabellife,2014,0,Bypassed,,,0
Humshopper,2015,0,Bypassed,,,0
"THE NATIONAL COMPANY",2016,0,Bypassed,,,0
Starelabs,2017,0,Bypassed,,,0
"BRP Shoppe",2018,0,Bypassed,,,0
kasnox.com,2019,0,Bypassed,,,0
grablon,2020,0,Bypassed,,,0
Haystar,2022,0,Bypassed,,,0
GiftGulley,2023,0,Bypassed,,,0
Lotcart,2024,0,Bypassed,,,0
Abelestore,2025,0,Bypassed,,,0
Luvclues,2026,0,Bypassed,,,0
feelinwow.com,2027,0,Bypassed,,,0
Fleasell,2028,0,Bypassed,,,0
Shoppynshop,2029,0,Bypassed,,,0
"Avarez Gadgets",2030,0,Bypassed,,,0
"Indian Online Dress",2031,0,Bypassed,,,0
Kawachi,2032,0,Bypassed,,,0
libromart,2033,0,Bypassed,,,0
"ayusvi herbal beauty care",2034,0,Bypassed,,,0
OnlyMobiles,2036,0,Bypassed,,,0
Ayurwin,2037,0,Bypassed,,,0
LucknDeal,2038,0,Bypassed,,,0
India-gift.in,2039,0,Bypassed,,,0
MyPustak,2040,0,Bypassed,,,0
veepeeinc,2041,0,Bypassed,,,0
"Shopping Outlet",2042,0,Bypassed,,,0
"Snapy Sell",2043,0,Bypassed,,,0
Mtjcart,2044,0,Bypassed,,,0
Zomato,2050,1,Bypassed,,,0
Nearbuy,2051,1,Bypassed,,,0
Little,2052,0,Bypassed,,,0
Ola,2053,1,Bypassed,,,0
Uber,2054,1,Bypassed,,,0
"PVR Cinemas",2055,1,Bypassed,,,0
Faasos,2056,1,Bypassed,,,0
Grofers,2057,1,Bypassed,,,0
"Tupperware Showroom",2045,0,crazybeezmedia,https://shoptupperware.in/,https://crazyb.go2pixel.org/t/?offer_id=71&aff_id=65,0
offerxyj,2046,0,Bypassed,,,0
Jaxtakart,2047,0,Bypassed,,,0
Simplehosting.in,2048,0,Bypassed,,,0
Offbeat,2049,0,Bypassed,,,0
Bluvior,2060,0,Bypassed,,,0
ElectricPlaza,2061,0,Bypassed,,,0
Clickbusket.com,2062,0,Bypassed,,,0
"Ek Number",2063,0,Bypassed,,,0
"Ashiyama Healthcare Pvt. Ltd.",2064,0,Bypassed,,,0
pricelessbooks.in,2065,0,Bypassed,,,0
mr.shoes,2066,0,Bypassed,,,0
Shopcushion,2067,0,Bypassed,,,0
GiggleGlory.com,2068,0,Bypassed,,,0
SAPSO,2069,0,Bypassed,,,0
"Cali Republic",2070,0,Bypassed,,,0
ayusvi,2071,0,Bypassed,,,0
PUSHCART,2072,0,Bypassed,,,0
ethnic,2073,0,Bypassed,,,0
StarMart,2074,0,Bypassed,,,0
Delhifoods,2076,0,Bypassed,,,0
moxiesupply,2077,0,Bypassed,,,0
Verashoppy,2078,0,Bypassed,,,0
Angelfurniture,2079,0,Bypassed,,,0
Biotrex,2080,0,Bypassed,,,0
"Buy Accessories",2081,0,Bypassed,,,0
"Italiano TUCCI",2082,0,Bypassed,,,0
ONLANE,2083,0,Bypassed,,,0
Luxehues,2085,0,Bypassed,,,0
"SIR-G EXIM",2086,0,Bypassed,,,0
MallFort,2087,0,Bypassed,,,0
JustMyKart,2088,0,Bypassed,,,0
"Shopper Quick",2089,0,Bypassed,,,0
oyekitchen,2090,0,Bypassed,,,0
"Career Point Kota",2091,0,Bypassed,,,0
"Brahma Bull",2092,0,Bypassed,,,0
SuitLTD,2093,0,Bypassed,,,0
abcbookkart.com,2094,0,Bypassed,,,0
"ABC Book Kart",2095,0,Bypassed,,,0
wingdings,2096,0,Bypassed,,,0
Adidas,2097,0,"optimisemedia - omgt5, omgt3",https://shop.adidas.co.in/,https://clk.omgt5.com/?PID=17736&AID=368059,0
"COSMIC RETAIL",2098,0,Bypassed,,,0
"Elite Shopee",2099,0,Bypassed,,,0
"Trendy Inners",2100,0,Bypassed,,,0
SaanMI,2101,0,Bypassed,,,0
APDI,2102,0,Bypassed,,,0
3HCare,2103,0,Bypassed,,,0
Abof,1850,1,Bypassed,,,0
KartIndia,2104,0,Bypassed,,,0
"Mr. SHOES",2105,0,Bypassed,,,0
FabAlong,2106,0,Bypassed,,,0
Ethnicbella,2107,0,Bypassed,,,0
Rajalcartridge.com,2108,0,Bypassed,,,0
Sareebuzz,2109,0,Bypassed,,,0
Onskart,2110,0,Bypassed,,,0
Trendybharat.com,2111,0,Bypassed,,,0
FoodAbhi,2113,0,Bypassed,,,0
"K&A Business Solutions",2114,0,Bypassed,,,0
RIDERZPIT,2115,0,Bypassed,,,0
AbeRuk,2116,0,Bypassed,,,0
Mariyam,2117,0,Bypassed,,,0
"Bird In Blue",2118,0,Bypassed,,,0
JIOSALE.com,2119,0,Bypassed,,,0
Uttamvastra,2120,0,Bypassed,,,0
MakeMyorders,2121,0,Bypassed,,,0
shopperzway.co.in,2122,0,Bypassed,,,0
Goelectro,2123,0,Bypassed,,,0
"Unicity India",2124,0,Bypassed,,,0
G3fashion,2125,0,Bypassed,,,0
roxas,2126,0,Bypassed,,,0
La-Sha,2127,0,Bypassed,,,0
"vishnu jain",2128,0,Bypassed,,,0
Faalsa,2129,0,Bypassed,,,0
Bhatt,2130,0,Bypassed,,,0
Shopevilla,2131,0,Bypassed,,,0
BOOKBERRY,2133,0,Bypassed,,,0
Sammydress,2134,0,Bypassed,,,0
HealthyWorld,2135,0,Bypassed,,,0
SPORTXS,2136,0,Bypassed,,,0
"Visionoid Electronics Pvt. Ltd",2137,0,Bypassed,,,0
GreatDiscount,2138,0,Bypassed,,,0
AngelsDecor,2139,0,Bypassed,,,0
"Johari Shop",2140,0,Bypassed,,,0
Sharma,2141,0,Bypassed,,,0
staybuzzy,2142,0,Bypassed,,,0
Grabus,2143,0,Bypassed,,,0
Quirkbolt,2144,0,Bypassed,,,0
BagBazarr,2145,0,Bypassed,,,0
Saavra,2146,0,Bypassed,,,0
"Now oye",2147,0,Bypassed,,,0
"Leather Vila",2148,0,Bypassed,,,0
MOBIWARE,2149,0,Bypassed,,,0
manathota,2150,0,Bypassed,,,0
"DhEErAj pAwShE",2151,0,Bypassed,,,0
mobiswap,2153,0,Bypassed,,,0
Fatfatiya,2154,0,Bypassed,,,0
JPKART,2155,0,Bypassed,,,0
"VaiRag Enterprise",2158,0,Bypassed,,,0
"Enns Closet",2159,0,Bypassed,,,0
"MICROSIDD INDIA",2160,0,Bypassed,,,0
"Luminous Eshop",2161,0,Bypassed,,,0
"Royale Ethnic Store",2163,0,Bypassed,,,0
flipdealz,2164,0,Bypassed,,,0
PetFunday,2165,0,Bypassed,,,0
https://trendybharat.com/,2166,0,Bypassed,,,0
Digishoppers,2167,0,Bypassed,,,0
"tiens health and beauty care products",2168,0,Bypassed,,,0
happy,2169,0,Bypassed,,,0
leysha,2171,0,Bypassed,,,0
"Shreeji agency",2173,0,Bypassed,,,0
"INDIGENES RESEARCH ENTERPRISE",2174,0,Bypassed,,,0
zeetsale.com,2175,0,Bypassed,,,0
SaveOnMedicals,2178,0,Bypassed,,,0
Clicknask,2179,0,Bypassed,,,0
"Image Skin Studio",2180,0,Bypassed,,,0
Firdekho,2181,0,Bypassed,,,0
"Ask Shopping",2182,0,Bypassed,,,0
DeviHandlooms,2183,0,Bypassed,,,0
Fonkart,2184,0,Bypassed,,,0
ORANGESALE,2185,0,Bypassed,,,0
tyremarket.com,2186,0,Bypassed,,,0
"Customs Tshirts for sell",2187,0,Bypassed,,,0
FLIKKART,2189,0,Bypassed,,,0
TatacliQ,2190,1,"Special (OWN)",https://www.tatacliq.com/,,0
Ajio,2191,1,"Admit Ad",https://www.ajio.com/,https://ad.admitad.com/g/gobb106sd973d450234da663530cb9/,0
NNNow,2192,1,Bypassed,,,0
shopsuray,2193,0,Bypassed,,,0
Madesos,2194,0,Bypassed,,,0
cluesmart,2195,0,Bypassed,,,0
BonOrganik,2196,0,Bypassed,,,0
Securitykart,2198,0,Bypassed,,,0
Styletag.com,2199,0,Bypassed,,,0
Shopkio,2200,0,Bypassed,,,0
"Virtuoso Virgin",2201,0,Bypassed,,,0
"VP Civil Surveying Instruments Pvt. Ltd.",2202,0,Bypassed,,,0
"Handicrafts India",2203,0,Bypassed,,,0
bankbazaar,2204,0,Bypassed,,,0
"Sahara Agate Exports",2205,0,Bypassed,,,0
CareKart,2206,0,Bypassed,,,0
Posterindya,2207,0,Bypassed,,,0
Street311.com,2208,0,Bypassed,,,0
"Kitchen Empire",2209,0,Bypassed,,,0
trimurti,2210,0,Bypassed,,,0
Lotcart,2211,0,Bypassed,,,0
HaveaClick,2212,0,Bypassed,,,0
"Arihant Unicom",2213,0,Bypassed,,,0
Cellspare,2214,0,Bypassed,,,0
Shopfix,2215,0,Bypassed,,,0
DecorNation,2216,0,Bypassed,,,0
ClickOnCare,2217,0,Bypassed,,,0
CakesZone,2218,0,Bypassed,,,0
Bookland.in,2219,0,Bypassed,,,0
Totzny,2220,0,Bypassed,,,0
"Sweat slim belt",2221,0,Bypassed,,,0
"WASTRA KALAA CREATIONS",2222,0,Bypassed,,,0
"Mangal Murti",2223,0,Bypassed,,,0
Kraftly,2224,0,Bypassed,,,0
RobustDiet,2225,0,Bypassed,,,0
"Tours & Travels",2226,0,Bypassed,,,0
"Yeskart Pvt Ltd",2228,0,Bypassed,,,0
FolkFashions,2229,0,Bypassed,,,0
AMZON,2231,0,Bypassed,,,0
Casioindiashop.com,2233,0,Bypassed,,,0
"THREE CELLS",2234,0,Bypassed,,,0
NAVLIKA,2235,0,Bypassed,,,0
"Ophthalmic House",2236,0,Bypassed,,,0
1mg,2237,1,"Admit Ad",https://www.1mg.com/,https://ad.admitad.com/g/nuan8da27073d450234d6dda166dd1/,0
Netmeds,2238,1,Bypassed,,,0
Practo,2239,1,Bypassed,,,0
Pharmeasy,2240,1,Bypassed,,,0
Akbartravels,2241,1,Bypassed,,,0
"Wish N Buy",2242,0,Bypassed,,,0
"Attar Ayurveda",2243,0,Bypassed,,,0
"DIGITAL PLANET",2244,0,Bypassed,,,0
Airgunkart,2246,0,Bypassed,,,0
Shopcurry,2247,0,Bypassed,,,0
"Buy Tyres india",2248,0,Bypassed,,,0
"Mitras Technocrafts",2249,0,Bypassed,,,0
"The Luxor",2250,0,Bypassed,,,0
"Get In Hours",2251,0,Bypassed,,,0
FlyBHP,2252,0,Bypassed,,,0
MKZON,2253,0,Bypassed,,,0
PrintOctopus,2254,0,Bypassed,,,0
easemytrip,2255,1,Bypassed,,,0
"Oyo Rooms",2256,1,"Admit Ad",https://www.oyorooms.com/,https://ad.admitad.com/g/nmi7b62c7y73d450234d053aa7676c/,0
CheapTicket,2257,1,Bypassed,,,0
FabHotels,2258,1,Bypassed,,,0
Treebo,2259,1,Bypassed,,,0
Zoomcar,2260,1,Bypassed,,,0
Abhibus,2261,1,Bypassed,,,0
Freshmenu,2262,1,Bypassed,,,0
"Burger King",2263,1,Bypassed,,,0
firstcry.com,2265,1,"optimisemedia - omgt5, omgt3",https://www.firstcry.com/,https://clk.omgt5.com/?PID=10027&AID=368059,0
Voonik,2266,1,Bypassed,,,0
MrVoonik,2267,0,Bypassed,,,0
bigbasket,2268,1,crazybeezmedia,https://www.bigbasket.com/,https://crazyb.go2pixel.org/t/?offer_id=19&aff_id=65,0
GoDaddy,2269,1,Bypassed,,,0
"Transline Technologies",2264,0,Bypassed,,,0
Bigshopi,2270,1,Bypassed,,,0
Etashee,2271,1,Bypassed,,,0
ADDWIK,2274,0,Bypassed,,,0
"Cafe Desire",2275,0,Bypassed,,,0
Besiva,2277,0,Bypassed,,,0
"JEWEL FUEL",2278,0,Bypassed,,,0
"Aditya Mobile",2279,0,Bypassed,,,0
"Aditya Mobile",2280,0,Bypassed,,,0
"Cambridge Learning System",2282,0,Bypassed,,,0
Homeyantra,2283,0,Bypassed,,,0
"NOM WEBSOL",2284,0,Bypassed,,,0
"Recombigen Laboratories Pvt. Ltd.",2285,0,Bypassed,,,0
Toolwale,2288,0,Bypassed,,,0
"Rajan Singh Yadav Ankit",2290,0,Bypassed,,,0
shopfix,2291,0,Bypassed,,,0
"Asiatic Lion Lodge",2292,0,Bypassed,,,0
Bookswagon,2293,0,Bypassed,,,0
Bazzon,2294,0,Bypassed,,,0
"travel d\'globe",2295,0,Bypassed,,,0
Frozentags,2296,0,Bypassed,,,0
wooum,2297,0,Bypassed,,,0
Shopsurya,2298,0,Bypassed,,,0
Infibeam,2299,0,Bypassed,,,0
"Zuri Morse",2300,0,Bypassed,,,0
Asiankart,2301,0,Bypassed,,,0
BOOKSNCLICKS,2302,0,Bypassed,,,0
Deal95.com,2303,0,Bypassed,,,0
kaladin,2304,0,Bypassed,,,0
"V-Cart Online Services",2305,0,Bypassed,,,0
"Neha fashion park",2306,0,Bypassed,,,0
haanum,2272,0,Bypassed,,,0
iherb,2307,1,"Admit Ad",https://in.iherb.com/,https://ad.admitad.com/g/b5xj007nkw73d450234d3036d378e7/,0
MedPlusSmart,2308,1,Bypassed,,,0
LuckyVitamin,2309,1,Bypassed,,,0
MChemist,2310,1,Bypassed,,,0
Comet_peripherals,2311,0,Bypassed,,,0
aa,2312,0,Bypassed,,,0
Yoshops,2313,0,Bypassed,,,0
Bixipay,2314,0,Bypassed,,,0
BOOKSWAGON,2315,0,Bypassed,,,0
Arzooo,2316,0,Bypassed,,,0
JohnDoe,2318,0,Bypassed,,,0
TheBodyShop,2320,1,"Admit Ad",https://www.thebodyshop.in/,https://ad.admitad.com/g/lzr8imvjy373d450234d4d6a1ae99e/,0
Melorra,2321,1,Bypassed,,,0
JetAirways,2322,0,Bypassed,,,0
Reebok,2323,1,Bypassed,,,0
Jockey,2324,1,"Admit Ad",https://www.jockey.in/,https://ad.admitad.com/g/tzj7koxn9z73d450234de01e0df27d/,0
Pakistan@Pakistan.com,2327,0,Bypassed,,,0
Pakistan@Pakistan.com,2328,0,Bypassed,,,0
FizzExpress,2329,1,Bypassed,,,0
JBL,2331,1,Bypassed,,,0
Ticketnew,2332,1,Bypassed,,,0
Mcdonalds,2333,1,"Admit Ad",https://www.mcdelivery.co.in/,https://ad.admitad.com/g/amg5q1j3lg73d450234d0e6a7d725a/,0
Rentomojo,2334,1,Bypassed,,,0
Decathlon,2335,1,Bypassed,,,0
Housejoy,2336,1,Bypassed,,,0
Dailyobjects,2337,1,Bypassed,,,0
Innerspacecreations,2338,0,Bypassed,,,0
Licious,2339,1,"Admit Ad",https://www.licious.in/,https://ad.admitad.com/g/jqo55f39qz73d450234d6194c2a5d4/,0
photosquare,2340,0,Bypassed,,,0
KAGTROIS,2341,0,Bypassed,,,0
"Kamisa - My Online Store",2342,0,Bypassed,,,0
"Kamisa - My Online Store",2343,0,Bypassed,,,0
GoIndigo,2344,1,icubeswire,https://www.goindigo.in/,"https://tracking.icubeswire.co/aff_c?offer_id=422&aff_id=636 ",0
GoAir,2345,1,Bypassed,,,0
via.com,2346,1,Bypassed,,,0
airasia,2347,1,Bypassed,,,0
spicejet,2348,1,Bypassed,,,0
tripadvisor,2350,1,Bypassed,,,0
kayak,2351,1,Bypassed,,,0
airindia,2352,1,Bypassed,,,0
"smartbuy HDFC",2353,1,Bypassed,,,0
"b4u fashion",2354,0,Bypassed,,,0
UberEats,2355,0,Bypassed,,,0
"Ramdev mart",2356,0,Bypassed,,,0
"Ramdev mart",2357,0,Bypassed,,,0
Traveasy,2358,1,Bypassed,,,0
booking,2359,1,"Admit Ad",https://www.booking.com/,https://ad.admitad.com/g/g8gwm6y3to73d450234db2bf458e5d/,0
GearBest,2360,1,"Admit Ad",https://www.gearbest.com/,https://lenkmio.com/g/2316b8f85673d450234d22af2ed61b/,0
agoda,2361,1,"Admit Ad",https://www.agoda.com/,https://ad.admitad.com/g/k5cxk4xsu773d450234d614935c8f5/,0
shein,2362,1,"Admit Ad",https://www.shein.in/,https://ad.admitad.com/g/1kjlqr06u073d450234df0af71e07a/,0
Zefo,2363,1,Bypassed,,,0
Banggood,2364,1,"Admit Ad",https://www.banggood.in/,https://ad.admitad.com/g/e8f129b05e73d450234d6213826a88/,0
Gamiss,2365,1,Bypassed,,,0
rosegal,2366,1,"Admit Ad",https://www.rosegal.com/,https://ad.admitad.com/g/d2jtns1h0x73d450234de683584499/,0
Zaful,2367,1,"Admit Ad",https://sg.zaful.com/,https://ad.admitad.com/g/5fdvtbwdde73d450234de1c974a806/,0
Medlife,2368,1,"Admit Ad",https://www.medlife.com/,https://ad.admitad.com/g/qo2o4kaqx673d450234d7e035ccb62/,0
HomeTown,2369,1,"Admit Ad",https://www.hometown.in/,https://ad.admitad.com/g/m5frpv1gh173d450234de957492a70/,0
LifeStyle,2370,1,"Admit Ad",https://www.lifestylestores.com/in/en/,https://ad.admitad.com/g/m7l6ql79fc73d450234d4060632cdb/,0
Max,2371,1,Bypassed,,,0
Myvishal,2372,1,Bypassed,,,0
Goomo,2373,1,Bypassed,,,0
Teafloor,2382,1,crazybeezmedia,https://teafloor.com,https://crazyb.go2pixel.org/t/?offer_id=53&aff_id=65,0
Teabox,2375,1,Bypassed,,,0
aliexpress,2376,1,"Admit Ad",https://www.aliexpress.com/,https://alitems.com/g/1e8d11449473d450234d16525dc3e8/,0
"ESSEN SPECIALITY FILMS",2377,0,Bypassed,,,0
"ESSEN SPECIALITY FILMS",2378,0,Bypassed,,,0
"The JT Store",2379,0,Bypassed,,,0
KLICK2STYLE,2380,0,Bypassed,,,0
wipro-production,2381,0,Bypassed,,,0
trip.com,4356,1,Bypassed,,,0
"Happy easy go",4357,1,Bypassed,,,0
Tripzumi,4359,1,Bypassed,,,0
ebookers,4360,1,Bypassed,,,0
Mytrip,4361,0,Bypassed,,,0
BudgetAir,4362,1,Bypassed,,,0
airtickets,4363,0,Bypassed,,,0
Bravofly,4364,1,Bypassed,,,0
Tripsta,4365,1,Bypassed,,,0
Wegoby,4366,0,Bypassed,,,0
"My Travel Genie",4367,0,Bypassed,,,0
Vistara,4368,1,Bypassed,,,0
GotoGate,4369,1,Bypassed,,,0
Travelgenio,4370,1,Bypassed,,,0
Travel2be,4371,1,Bypassed,,,0
Sastiticket,4372,1,Bypassed,,,0
Tripair,4373,1,Bypassed,,,0
"SriLankan Airlines",4375,1,Bypassed,,,0
"Hahn Air Systems",4376,1,Bypassed,,,0
"Alliance Air",4377,0,Bypassed,,,0
JetKonnect,4378,1,Bypassed,,,0
"Air Odisha",4379,0,Bypassed,,,0
ixigo,4380,1,Bypassed,,,0
gumoo,4381,0,Bypassed,,,0
jackjones,4402,1,"Admit Ad",https://www.jackjones.in/,https://ad.admitad.com/g/3ll479fwd173d450234d137c9e3e94/,0
"GAC Trend",2384,0,Bypassed,,,0
"GAC Trend",2385,0,Bypassed,,,0
"Mahajan Ventures",2386,0,Bypassed,,,0
"Mahajan Ventures",2387,0,Bypassed,,,0
"Alchemy Media Marketing",2388,0,Bypassed,,,0
"Spangel Enterprise",2389,0,Bypassed,,,0
Zikrak,2390,0,Bypassed,,,0
"Leeza store",2391,0,Bypassed,,,0
knr,2392,0,Bypassed,,,0
Techtonics,2393,0,Bypassed,,,0
24eshop,2394,0,Bypassed,,,0
"VoxTrail Software Solutions Pvt. Ltd.",2395,0,Bypassed,,,0
"KHUSHI FOOD PRODUCTS",2396,0,Bypassed,,,0
Mageplaza,2397,0,Bypassed,,,0
Mageplaza,2398,0,Bypassed,,,0
Wavehertz,2399,0,Bypassed,,,0
"Fablas Impex",2400,0,Bypassed,,,0
Rajkruti,2401,0,Bypassed,,,0
Science,2402,0,Bypassed,,,0
"AN Handicrafts",2403,0,Bypassed,,,0
"TERRITORY JEANS",2404,0,Bypassed,,,0
shyaway,2405,0,Bypassed,,,0
"SBO FASHION",2406,0,Bypassed,,,0
hotshot,2407,0,Bypassed,,,0
Sports4change,2408,0,Bypassed,,,0
Articianzz,2409,0,Bypassed,,,0
"SRIDHAR EHORTEK INDIA PRIVATE LIMITED",2410,0,Bypassed,,,0
ATTRACTIVE,2411,0,Bypassed,,,0
"f.f fashion",2412,0,Bypassed,,,0
"luna leaves",2413,0,Bypassed,,,0
"cathleen leather",2414,0,Bypassed,,,0
"MI Mobiles",2415,1,Bypassed,,,0
Oxypure,2416,0,Bypassed,,,0
"VRIDHI OIL",2417,0,Bypassed,,,0
"D\'WILD",2418,0,Bypassed,,,0
MTR,2419,1,"Admit Ad",https://shop.mtrfoods.com/,https://ad.admitad.com/g/4tqfa7oe3d73d450234d8ea54e4790/,0
DUTT,2420,0,Bypassed,,,0
Adixion,2421,0,Bypassed,,,0
"maruti fun bags",2422,0,Bypassed,,,0
"YFP Shoes",2423,0,Bypassed,,,0
"Hollywood Secrets",2424,0,Bypassed,,,0
Ovenstory,2425,1,Bypassed,,,0
behrouzbiryani,2426,1,Bypassed,,,0
themomsco,2427,1,"Admit Ad",https://themomsco.com/,https://ad.admitad.com/g/4iwzf91rpa73d450234dbb232dd75a/,0
mcaffeine,2428,1,Bypassed,,,0
JHARJHAR,2429,0,Bypassed,,,0
Buyperfumesonline.in,2430,0,Bypassed,,,0
sarte,2431,0,Bypassed,,,0
sarte,2432,0,Bypassed,,,0
sarte,2433,0,Bypassed,,,0
sarte,2434,0,Bypassed,,,0
amazon,2435,0,Bypassed,,,0
RIVANA,2436,0,Bypassed,,,0
padmanab,2437,0,Bypassed,,,0
"Foara Inc",2438,0,Bypassed,,,0
"Allen Solly",4382,1,Bypassed,,,0
Arrow,4384,0,Bypassed,,,0
"Baskin Robbins",4385,1,Bypassed,,,0
Bata,4386,1,"Admit Ad",https://www.bata.in/,https://ad.admitad.com/g/q78gmnpzs873d450234dbffec305f3/,0
Bebe,4387,1,Bypassed,,,0
"Big Bazaar",4388,1,Bypassed,,,0
"Cafe Coffee Day",4390,1,Bypassed,,,0
Caratlane,4391,1,Bypassed,,,0
Central,4392,1,Bypassed,,,0
"Costa Coffee",4393,1,Bypassed,,,0
Fastrack,4394,1,Bypassed,,,0
"Flying Machine",4395,1,Bypassed,,,0
"Godrej natures basket GNB",4399,1,Bypassed,,,0
HiDesign,4400,1,Bypassed,,,0
Himalaya,4401,1,Bypassed,,,0
"Lakme Salon",4403,1,Bypassed,,,0
Levis,4404,1,Bypassed,,,0
"Louis Philippe",4405,1,Bypassed,,,0
"Mainland China",4406,0,Bypassed,,,0
"Marks and Spencer",4407,1,Bypassed,,,0
"P N RAO",4408,1,Bypassed,,,0
Pantaloons,4409,1,Bypassed,,,0
"Peter England",4410,1,Bypassed,,,0
"Planet Fashion",4411,1,Bypassed,,,0
"Prestige Smart Kitchen",4412,1,Bypassed,,,0
Raymond,4413,1,Bypassed,,,0
JioSaavn,4414,1,Bypassed,,,0
"Taj Hotels",4415,1,Bypassed,,,0
Talwalkars,4416,1,Bypassed,,,0
"Tgi Fridays",4417,1,Bypassed,,,0
"The Beer Cafe",4418,1,Bypassed,,,0
"Titan Eye Plus",4419,1,Bypassed,,,0
"U.S. Polo Assn",4420,1,Bypassed,,,0
"United Colors of Benetton",4421,1,Bypassed,,,0
"Van Heusen",4422,1,Bypassed,,,0
"Vero Moda",4423,1,Bypassed,,,0
VLCC,4424,1,Bypassed,,,0
Westside,4425,1,Bypassed,,,0
Woodland,4426,1,Bypassed,,,0
"3M Car Care",4427,1,Bypassed,,,0
"William Penn",4428,1,Bypassed,,,0
fabindia,4495,1,Bypassed,,,0
Nautica,4430,1,Bypassed,,,0
"Nu ayurveda",4431,1,Bypassed,,,0
Aeropostale,4432,1,Bypassed,,,0
Gap,4433,1,Bypassed,,,0
Machaan,4434,1,Bypassed,,,0
Portea,4435,1,Bypassed,,,0
"Doers BIKE and CAR",4437,1,Bypassed,,,0
"Hush Puppies",4439,1,Bypassed,,,0
Sprintzeal,4441,1,Bypassed,,,0
Smaaash,4442,1,Bypassed,,,0
ZEVENWORLD,4443,1,Bypassed,,,0
brandfactoryonline,4444,1,Bypassed,,,0
More,4445,1,Bypassed,,,0
"E zone",4446,1,Bypassed,,,0
"La Senza",4447,1,Bypassed,,,0
"Spar Hypermarket",4448,1,Bypassed,,,0
"CNT ANNUAL SUBSCRIPTION",4451,1,Bypassed,,,0
"Filmfare English",4452,1,Bypassed,,,0
"Femina Tamil",4453,1,Bypassed,,,0
"Femina Hindi",4454,0,Bypassed,,,0
"AD ANNUAL SUBSCRIPTION",4455,0,Bypassed,,,0
"Femina English",4456,0,Bypassed,,,0
"BBC Knowledge",4457,1,Bypassed,,,0
"Femina Bangla",4458,0,Bypassed,,,0
"Top Gear",4459,1,Bypassed,,,0
VOGUE,4460,1,Bypassed,,,0
"Lonely Planet",4461,1,Bypassed,,,0
"India Today Hindi - Digital Subscription",4462,1,Bypassed,,,0
"ALDO Accessories",4463,1,Bypassed,,,0
"India Today English - Digital Subscription",4464,0,Bypassed,,,0
"Home and Design Trends Magzine",4465,0,Bypassed,,,0
"Beverly Hills Polo Club",4466,1,Bypassed,,,0
"CALL IT SPRING",4467,0,Bypassed,,,0
Hello!,4468,1,Bypassed,,,0
"CHARLES and KEITH",4469,1,Bypassed,,,0
INGLOT,4470,1,Bypassed,,,0
Grazia,4471,0,Bypassed,,,0
"Nine West",4472,1,Bypassed,,,0
"GQ ANNUAL SUBSCRIPTION",4473,1,Bypassed,,,0
"Good Homes",4474,1,Bypassed,,,0
"New Balance",4475,1,Bypassed,,,0
"Gadgets and Gizmos",4476,1,Bypassed,,,0
"Cosmopolitan India",4477,0,Bypassed,,,0
"Business Today",4478,0,Bypassed,,,0
"Four Fountain Spa",4479,1,Bypassed,,,0
Joyalukkas,4480,1,Bypassed,,,0
GiveIndia,4481,1,Bypassed,,,0
Viveks,4484,1,Bypassed,,,0
"Coffee Bean and Tea Leaf",4485,1,Bypassed,,,0
Tanishq,4486,1,Bypassed,,,0
Gant,4487,1,Bypassed,,,0
Sigree,4488,0,Bypassed,,,0
"Oh! Calcutta",4489,0,Bypassed,,,0
"ONLY Apparel",4490,1,Bypassed,,,0
"Pavers England",4491,1,Bypassed,,,0
Titan,4492,1,Bypassed,,,0
Helios,4493,1,Bypassed,,,0
"Cleartrip Local",4494,0,Bypassed,,,0
BodyCraft,4499,1,Bypassed,,,0
"Home Centre",4502,1,Bypassed,,,0
"Paytm Movies",4509,0,Bypassed,,,0
Lotto,4515,1,Bypassed,,,0
Nike,4521,1,"Admit Ad",https://www.nike.com/in/,https://ad.admitad.com/g/fs3906komc73d450234d3bf5474065/,0
"Zomato Gold",4525,0,Bypassed,,,0
Gaana,4529,1,Bypassed,,,0
IZOD,4540,1,Bypassed,,,0
"Iconic World",4541,0,Bypassed,,,0
flipkart,4542,0,Bypassed,,,0
"new paridhan traders",4543,0,Bypassed,,,0
samsung,4544,1,"Admit Ad",https://www.samsung.com/in/,https://ad.admitad.com/g/h7viuyh23973d450234dfcdd16745e/,0
"Scrap Buzz",4545,0,Bypassed,,,0
asuskart,4546,0,Bypassed,,,0
"SAMRUDH SEEDS",4547,0,Bypassed,,,0
clicknbag,4548,0,Bypassed,,,0
Bhumante,4549,0,Bypassed,,,0
Yusha,4550,0,Bypassed,,,0
spoyl,4551,1,Bypassed,,,0
"NPCPL / Amazon India",4552,0,Bypassed,,,0
"Udyan Tea",4553,0,Bypassed,,,0
XAGO,4554,0,Bypassed,,,0
XAGO,4555,0,Bypassed,,,0
"Points for People",4450,1,Bypassed,,,0
"Bookmyshow Winpin",4389,0,Bypassed,,,0
azanisport,5000,1,Bypassed,,,0
rawnaturecompany,5001,1,Bypassed,,,0
xiaomi,5002,0,Bypassed,,,0
amaon.in,5003,0,Bypassed,,,0
BODYFIRST,5004,0,Bypassed,,,0
none,5005,0,Bypassed,,,0
"MaQfit Impex",5006,0,Bypassed,,,0
Carrogen,5007,0,Bypassed,,,0
Pinekart,5008,0,Bypassed,,,0
hostgator,5009,1,"Admit Ad",https://www.hostgator.in/?,https://www.hostgator.in/domain-registration?irgwc=1&utm_source=ir&irpid=1238546&campaignid=7275&clickid=1sE0ozQ3LxyORIPwUx0Mo3Q1UkiUbwwRq3:O1k0&utm_medium=affiliate&coupon=HGCOM,0
mamaearth,5010,1,"Admit Ad",https://mamaearth.in/,https://ad.admitad.com/g/arr2hoyx7j73d450234dc093b6fac1/,0
biotique,5011,1,Bypassed,,,0
norton,5012,1,"Admit Ad",https://in.norton.com/,https://ad.admitad.com/g/4nnqeux1te73d450234d11184c9701/,0
"Aazad agate",5013,0,Bypassed,,,0
mnrmobiles.com,5014,0,Bypassed,,,0
Gymstory,5015,0,Bypassed,,,0
lemonTreeHotels,6000,1,Bypassed,,,0
Clarks,6001,1,Bypassed,,,0
Atmyhome,6002,0,Bypassed,,,0
biba,6003,1,"Admit Ad",https://www.biba.in/,https://ad.admitad.com/g/4gxko08abw73d450234df2e59b1932/,0
hotels.com,6004,0,"Admit Ad",https://in.hotels.com/,https://ad.admitad.com/g/q38i48991773d450234d9abd4df56e/,0
easyrentcars,6005,1,Bypassed,,,0
airbnb,6006,1,Bypassed,,,0
emirates,6007,1,Bypassed,,,0
etihad,6008,1,Bypassed,,,0
holidayme,6009,1,Bypassed,,,0
hotelscombined,6010,1,"Admit Ad",https://www.hotelscombined.com/,https://ad.admitad.com/g/ypaux4mj7f73d450234d6af3bd8a89/,0
qatarairways,6011,1,"Admit Ad",https://www.qatarairways.com/en/,https://ad.admitad.com/g/5xq79at7v673d450234dcd9901f6bc/,0
compensair,6012,1,"Admit Ad",https://www.compensair.com/en/,https://ad.admitad.com/g/5k6m2qm7z573d450234d90465e1588/,0
medliffe,6013,0,Bypassed,,,0
healthxp,6014,1,"Admit Ad",https://healthxp.in/,https://ad.admitad.com/g/2dxut85zp473d450234d65f3392f22/,0
behrouzbiryani,6015,0,Bypassed,,,0
freshtohome,6016,1,"Admit Ad",https://www.freshtohome.com/,https://ad.admitad.com/g/bhw6mmyo1q73d450234dcc0dff692b/,0
seniority,6017,1,"Admit Ad",https://www.seniority.in/,https://ad.admitad.com/g/mhocfsqwvx73d450234d0926726195/,0
berrylook,6018,1,"Admit Ad",https://www.berrylook.com/,https://ad.admitad.com/g/3y6iwoo3oy73d450234d64f10e1b76/,0
designbyhumans,6019,1,Bypassed,,,0
hopscotch,6021,1,Bypassed,,,0
kalkifashion,6022,1,Clickonik,https://www.kalkifashion.com/,https://clickonik.go2cloud.org/aff_c?offer_id=743&aff_id=1646,0
manyavar,6023,1,"Admit Ad",https://www.manyavar.com/,https://ad.admitad.com/g/8zwihoey9l73d450234d177bb31219/,0
milanoo,6024,1,"Admit Ad",https://www.milanoo.com/,https://ad.admitad.com/g/ca265zafmk73d450234d9f466608b0/,0
puma.com,6025,1,"Admit Ad",https://in.puma.com/,https://ad.admitad.com/g/y7f40iix6073d450234d101cefe85e/,0
shop4reebok,6026,1,"Admit Ad",https://shop4reebok.com/,https://ad.admitad.com/g/j1ad9o482o73d450234d68a694ff9d/,0
veromoda,6027,0,"Admit Ad",https://www.veromoda.in/,https://ad.admitad.com/g/7lq7k5ra2l73d450234d6e41d8bff9/,0
insider,6028,1,Bypassed,,,0
magzter,6029,1,"Admit Ad",https://www.magzter.com/,https://ad.admitad.com/g/6zlx8gln2u73d450234d03fc6030ed/,0
forestessentialsindia,6030,1,Bypassed,,,0
2gud,6031,1,Bypassed,,,0
360totalsecurity,6032,1,"Admit Ad",https://www.360totalsecurity.com,https://ad.admitad.com/g/kxyhlrh1dk73d450234d79e51191f7/,0
chumbak,6034,0,Bypassed,,,0
citibank,6035,0,"Admit Ad",https://www.online.citibank.co.in/portal/newgen/cards/tab/apply-now.htm,https://ad.admitad.com/g/gh5plm80vs73d450234d3c09f1ea0d/,0
cyber-florist.ru,6036,1,"Admit Ad",https://cyber-florist.ru/,https://ad.admitad.com/g/y2zwzvitie73d450234dd4ec31596f/,0
fnp.com,6037,0,icubeswire,https://www.fnp.com/,https://tracking.icubeswire.co/aff_c?offer_id=212&aff_id=636,0
furlenco,6038,1,Bypassed,,,0
harmanaudio,6039,1,"Admit Ad",https://www.harmanaudio.in/,https://ad.admitad.com/g/m0y5avyiai73d450234dbe0318a776/,0
heimdalsecurity,6040,1,Bypassed,,,0
zee5.com,6041,1,"Admit Ad",https://www.zee5.com/,https://ad.admitad.com/g/ykdh53rtpe73d450234d8f81461ad7/,0
hotspotshield,6042,1,"Admit Ad",https://www.hotspotshield.com/,https://ad.admitad.com/g/bto7qlgz5p73d450234d7c7b9871f0/,0
igp.com,6043,1,"Admit Ad",https://www.igp.com/,https://ad.admitad.com/g/bhq7k7hmcg73d450234d0451de8123/,0
industrybuying,6044,1,"Admit Ad",https://www.industrybuying.com/,https://ad.admitad.com/g/0seaj1cgvi73d450234db04a7b5ed1/,0
kotak.com,6045,0,Bypassed,,,0
lenovo,6046,1,"Admit Ad",https://www.lenovo.com/in/en/,https://ad.admitad.com/g/ea3sq3dsml73d450234de452830f0f/,0
menakart,6047,1,Bypassed,,,0
microsoft,6048,1,"Admit Ad",https://www.microsoft.com/en-in,https://ad.admitad.com/g/v1wkhi3cl673d450234dca211ca499/,0
mivi.in,6049,1,Bypassed,,,0
testbook,6050,1,"Admit Ad",https://testbook.com/,https://ad.admitad.com/g/wrth1caddb73d450234dc5e99baac7/,0
sharekhan,6051,1,"Admit Ad",ttps://www.sharekhan.com/demat/free-demat-account,https://ad.admitad.com/g/f421fk6pzp73d450234d38f6ca891a/,0
sunsky-online.com,6052,1,"Admit Ad",https://www.sunsky-online.com/,https://ad.admitad.com/g/7npkd4cs1i73d450234d869a299fda/,0
cashify,6053,1,Clickonik,https://www.cashify.in/,https://clickonik.go2cloud.org/aff_c?offer_id=1169&aff_id=1646,0
arata,6054,1,"Admit Ad",https://www.arata.in/,https://ad.admitad.com/g/5dc5uquc7w73d450234d81936b4054/,0
bigsmall,6055,1,Bypassed,,,0
store.cashify.in,6056,1,Clickonik,https://store.cashify.in/,https://clickonik.go2cloud.org/aff_c?offer_id=1169&aff_id=1646,0
cityfurnish,6057,1,Clickonik,https://cityfurnish.com/,https://clickonik.go2cloud.org/aff_c?offer_id=901&aff_id=1646,0
coolwinks,6058,1,"Admit Ad",https://www.coolwinks.com/,https://ad.admitad.com/g/yjmvjmd1gb73d450234df27a1c0a2b/,0
dresslily,6059,1,Clickonik,https://www.dresslily.com/,https://clickonik.go2cloud.org/aff_c?offer_id=993&aff_id=1646,0
firangibake,6060,1,Bypassed,,,0
gonoise,6061,1,"Admit Ad",https://www.gonoise.com/,https://ad.admitad.com/g/gz9jbl6x5m73d450234d25992d3ceb/,0
happilyunmarried,6062,0,Clickonik,https://www.happilyunmarried.com/,https://clickonik.go2cloud.org/aff_c?offer_id=22&aff_id=1646,0
VisionWagon,6063,0,Bypassed,,,0
qqqqqq,6064,0,Bypassed,,,0
qqqqqq,6065,0,Bypassed,,,0
"Urban Clap/Company",6066,1,Bypassed,,,0
"Cure Fit",6067,1,Bypassed,,,0
"Nykaa Fashion",6068,0,Bypassed,,,0
"Plum Goodness",6069,0,"Admit Ad",https://plumgoodness.com/,https://ad.admitad.com/g/lm8vs8u7sf73d450234d9b4919d73c/,0
F2FMART,6070,0,Bypassed,,,0
Rangriti,6071,0,Bypassed,,,0
RentalCars,6072,0,"Admit Ad",https://www.rentalcars.com/,https://ad.admitad.com/g/6agwoaxtyz73d450234d69b07947bf/,0
Ritiveda,6073,0,Bypassed,,,0
Gyftr,6074,0,Bypassed,,,0
Ustraa,6075,0,Bypassed,,,0
Coveritup,6076,0,Bypassed,,,0
klook,6077,0,Bypassed,,,0
droom,6078,0,Bypassed,,,0
Hostinger,6079,0,Bypassed,,,0
kssshop,6080,0,Bypassed,,,0
markryden,6081,0,Bypassed,,,0
Fossil,6082,0,Bypassed,,,0
Ubuy,6083,0,Bypassed,,,0
"Set stay",6084,0,Bypassed,,,0
kaspersky,6085,0,Bypassed,,,0
priceline.com,6086,0,"Admit Ad",https://book.priceline.com/,https://ad.admitad.com/g/ducr1z81a773d450234d216df84416/,0
nordVPN,6087,0,Bypassed,,,0
Timesprime,6088,0,"Admit Ad",https://www.timesprime.com/,https://ad.admitad.com/g/u23zlnd2nd73d450234dd712228549/,0
Udemy,6089,0,"Admit Ad",https://www.udemy.com/,"https://ad.admitad.com/g/05dgete24s73d450234db3e3b7aadc/ ",0
Dell,6090,0,"Admit Ad",https://www.dell.com/en-in,https://ad.admitad.com/g/ocimknebus73d450234ddb75700873/,0
"Policy Bazaar",6091,0,Bypassed,,,0
themancompany,6092,0,"Admit Ad",https://www.themancompany.com/,https://ad.admitad.com/g/86kie8f8t873d450234d85e739f524/,0
hp,6093,0,Bypassed,,,0
alibaba,6094,0,"Admit Ad",https://www.alibaba.com/,https://ad.admitad.com/g/pm1aev55cl73d450234d219aa26f6f/,0
sunveno,6095,0,Bypassed,,,0
nilkamal,6096,0,Bypassed,,,0
"Avni Enterprises",6097,0,Bypassed,,,0
spgiftmart,6098,0,Bypassed,,,0
Travelocity,6099,0,Bypassed,,,0
Zazzle,6100,0,Bypassed,,,0
Bluehost,6101,0,Bypassed,,,0
Beenverified,6102,0,Bypassed,,,0
Wish,6103,0,Bypassed,,,0
Shutterstock,6104,0,Bypassed,,,0
Dhgate,6105,0,Bypassed,,,0
Ticketmaster,6106,0,Bypassed,,,0
Fedex,6107,0,Bypassed,,,0
Quickbooks,6108,0,Bypassed,,,0
Edx,6109,0,Bypassed,,,0
Springer,6110,0,Bypassed,,,0
Marriot,6111,0,Bypassed,,,0
Fiverr,6112,0,Bypassed,,,0
Webex,6113,0,Bypassed,,,0
edreams,6114,0,Bypassed,,,0
Deulec,6115,0,Bypassed,,,0
amazon,6116,0,Bypassed,,,0
"Zam Mistry Hub",6117,0,Bypassed,,,0
<script>alert(1)</script>,6118,0,Bypassed,,,0
IndieFur.Com,6119,0,Bypassed,,,0
ESSCENT,6120,0,Bypassed,,,0
"eFixindia Store",6121,0,Bypassed,,,0
Moglix,6122,0,Bypassed,,,0
eazydiner,6123,0,Bypassed,,,0
inox,6124,0,Bypassed,,,0
eduonix,6125,0,"Admit Ad",https://www.eduonix.com/,https://ad.admitad.com/g/tel94aesx073d450234dfbb7b09ba1/,0
starquik,6126,0,Bypassed,,,0
altbalaji,6127,0,Bypassed,,,0
toprankers,6128,0,Clickonik,https://www.toprankers.com/,https://clickonik.go2cloud.org/aff_c?offer_id=1042&aff_id=1646,0
adda247,6129,0,Bypassed,,,0
viu,6130,0,Bypassed,,,0
sonyliv,6131,0,Bypassed,,,0
hoichoi,6132,0,Bypassed,,,0
asics,6133,1,"Admit Ad",https://www.asics.com/in/en-in,https://ad.admitad.com/g/53w8y0ghxc73d450234d94327cb7ce/,0
"Google Play Store",6134,1,Bypassed,,,0
qeek,6135,0,Bypassed,,,0
yoins,6136,0,"Admit Ad",https://www.yoins.com/,https://ad.admitad.com/g/6udlqrq8ze73d450234dfa046e475d/,0
bigcommerce,6137,0,"Admit Ad",https://www.bigcommerce.com/,https://ad.admitad.com/g/3mjr5qhi4d73d450234d8d3f869c99/,0
beautifulhalo,6138,0,"Admit Ad",https://www.beautifulhalo.com/,https://ad.admitad.com/g/ke1179qg1b73d450234dc8804a75ef/,0
miniinthebox,6139,0,"Admit Ad",https://www.miniinthebox.com/,https://ad.admitad.com/g/3aa22b4edb73d450234d67b4bb3e03/,0
purevpn,6140,0,"Admit Ad",https://www.purevpn.com/,https://ad.admitad.com/g/p8k5lg11yy73d450234d7829b388e0/,0
qeeq,6141,0,"Admit Ad",https://www.qeeq.com/,https://ad.admitad.com/g/zs1r6fe7nl73d450234dba3230df6b/,0
Bajaao,6142,0,Bypassed,,,0
Codingblocks,6143,0,Bypassed,,,0
Gradeup,6144,0,Bypassed,,,0
"Aaravin\'s",6145,0,Bypassed,,,0
Medlifemedicines,6146,0,Bypassed,,,0
flaberry,6147,0,Bypassed,,,0
jivaayurveda,6148,0,Bypassed,,,0
lybrate,6149,0,"Admit Ad",https://www.lybrate.com/goodkart,https://ad.admitad.com/g/pphx9zeno773d450234d82bbf91fb9/,0
"red chief",6150,0,Bypassed,,,0
beardo,6151,0,"Admit Ad",https://www.beardo.in/,https://ad.admitad.com/g/xux46cchw773d450234df3cb4f5322/,0
turmswear,6152,0,Bypassed,,,0
redcheif,6153,0,Bypassed,,,0
KhelplayRummy,6154,0,Bypassed,,,0
qtrove,6155,0,Bypassed,,,0
sochstore,6156,0,"Admit Ad",https://www.sochstore.com/in/,https://ad.admitad.com/g/ng7ykihqw373d450234dadb17cbdc6/,0
scocre,6157,0,"Admit Ad",https://scocre.com/,https://ad.admitad.com/g/hovwuih1dn73d450234dd1e013747f/,0
vootkids,6158,0,Bypassed,,,0
tjori,6159,0,Bypassed,,,0
sukkhi,6160,0,Bypassed,,,0
havells,6161,0,Bypassed,,,0
orra,6162,0,Bypassed,,,0
myscoot,6163,0,Bypassed,,,0
onsitego,6164,0,crazybeezmedia,https://onsitego.com/,https://crazyb.go2pixel.org/t/?offer_id=67&aff_id=65,0
thesouledstore,6165,0,Bypassed,,,0
thatspersonal,6166,0,Bypassed,,,0
enchanteur,6167,0,Bypassed,,,0
edureka,6168,0,Bypassed,,,0
mensxp,6169,0,Bypassed,,,0
sanjivsir,6170,0,Bypassed,,,0
vidyakul,6171,0,Bypassed,,,0
drvaidyas,6172,0,Bypassed,,,0
ekeeda,6173,0,Bypassed,,,0
shemaroome,6174,0,Bypassed,,,0
resellerclub,6175,0,Bypassed,,,0
wemakecreators,6176,0,Bypassed,,,0
interserver,6177,0,Bypassed,,,0
oneplus,6178,0,"Admit Ad",https://www.oneplus.in/,https://ad.admitad.com/g/syrsd3cdxg73d450234dd91d1b8c1a/,0
metroshoes,6179,0,Bypassed,,,0
confirmtkt,6180,0,"Admit Ad",https://www.confirmtkt.com/,https://ad.admitad.com/g/23295yqbmr73d450234dc2b4d0ebb8/,0
giftalove,6181,0,Bypassed,,,0
ibacosmetics,6182,0,Bypassed,,,0
libertylifestyle,6183,0,Bypassed,,,0
9stacks,6184,0,Bypassed,,,0
planeteves,6185,0,Bypassed,,,0
cocomo,6186,0,Bypassed,,,0
thephylife,6187,0,Bypassed,,,0
henryandsmith,6188,0,Bypassed,,,0
myprotein,6189,0,Bypassed,,,0
howzat,6190,0,Bypassed,,,0
redwolf,6191,0,Bypassed,,,0
nokia,6192,0,Bypassed,,,0
andindia,6193,0,Bypassed,,,0
candere,6194,0,Bypassed,,,0
printland,6195,0,Bypassed,,,0
7life,6196,0,Bypassed,,,0
romwe,6197,0,Bypassed,,,0
beato,6198,0,Bypassed,,,0
happyeasygo,6199,0,Bypassed,,,0
cadbury,6200,0,Clickonik,https://www.cadburygifting.in/,https://clickonik.go2cloud.org/aff_c?offer_id=1279&aff_id=1646,0
jaypore,6201,0,Bypassed,,,0
madoverdonuts,6202,0,Bypassed,,,0
srisritattva,6203,0,Bypassed,,,0
wildcraft,6204,0,Bypassed,,,0
whirlpool,6205,0,Bypassed,,,0
onitsukatiger,6206,0,Bypassed,,,0
revv,6207,0,Bypassed,,,0
damensch,6208,0,Bypassed,,,0
chaipoint,6209,0,Bypassed,,,0
lovzme,6210,0,Bypassed,,,0
zoylo,6211,0,Bypassed,,,0
soultree,6212,0,Bypassed,,,0
colorbarcosmetics,6213,0,Bypassed,,,0
guardian,6214,0,Bypassed,,,0
nautinati,6215,0,Bypassed,,,0
dormify,6216,0,Bypassed,,,0
hiremecar,6217,0,Bypassed,,,0
globaldesi,6218,0,Bypassed,,,0
sattvicko,6219,0,Bypassed,,,0
vistaprint,6220,0,Bypassed,,,0
mylescars,6221,0,Bypassed,,,0
vistarooms,6222,0,Bypassed,,,0
sugarcosmetics,6223,0,Bypassed,,,0
ezmall,6224,0,Bypassed,,,0
travelyaari,6225,0,Bypassed,,,0
headphonezone,6226,0,Bypassed,,,0
globus,6227,0,Bypassed,,,0
exclusivelane,6228,0,Bypassed,,,0
cheapoair,6229,0,Bypassed,,,0
britishairways,6230,0,Bypassed,,,0
meru,6231,0,Bypassed,,,0
printvenue,6232,0,Bypassed,,,0
box8,6233,0,Bypassed,,,0
montecarlo,6234,0,Bypassed,,,0
soulflower,6235,0,Bypassed,,,0
kazo,6236,0,Bypassed,,,0
zappfresh,6237,0,Bypassed,,,0
erosnow,6238,0,Bypassed,,,0
savaari,6239,0,Bypassed,,,0
"true elements",6240,0,Bypassed,,,0
wforwoman,6241,0,Bypassed,,,0
guesthouser,6242,0,Bypassed,,,0
bombayshaving,6243,0,Bypassed,,,0
durex,6244,0,Bypassed,,,0
ballebaazi,6245,0,Bypassed,,,0
usplworld,6246,0,Bypassed,,,0
oziva,6247,0,Bypassed,,,0
kazimaperfumers,6248,0,Bypassed,,,0
enfashop,6249,0,Bypassed,,,0
livpure,6250,0,Bypassed,,,0
theyellowdoorstore,6251,0,Bypassed,,,0
pcjeweller,6252,0,Bypassed,,,0
florista,6253,0,Bypassed,,,0
thenaturalwash,6254,0,Bypassed,,,0
fbbonline,6255,0,Bypassed,,,0
adlabsimagica,6256,0,Bypassed,,,0
statelyessentials,6257,0,Bypassed,,,0
vaya,6258,0,Bypassed,,,0
"dunkin india",6259,0,Bypassed,,,0
click2door,6260,0,Bypassed,,,0
"himalaya wellness",6261,0,Clickonik,https://himalayawellness.in/,https://clickonik.go2cloud.org/aff_c?offer_id=757&aff_id=1646,0
"bajaj electricals",6262,0,Bypassed,,,0
hostingraja,6263,0,Bypassed,,,0
interntheory,6264,0,Bypassed,,,0
wyo,6265,0,Bypassed,,,0
giftease,6266,0,Bypassed,,,0
durian,6267,0,Bypassed,,,0
amzer,6268,0,Bypassed,,,0
newchic,6269,0,Bypassed,,,0
udacity,6270,0,Bypassed,,,0
lovelywholesale,6271,0,Bypassed,,,0
floryday,6272,0,Bypassed,,,0
chicme,6273,0,Bypassed,,,0
eneba,6274,0,Bypassed,,,0
boutiquefeel,6275,0,Bypassed,,,0
ivrose,6276,0,Bypassed,,,0
patpat,6277,0,Bypassed,,,0
tvcmall,6278,0,Bypassed,,,0
cafago,6279,0,Bypassed,,,0
adorama,6280,0,Bypassed,,,0
lightinthebox,6281,0,Bypassed,,,0
joyshoetique,6282,0,Bypassed,,,0
casetify,6283,0,Bypassed,,,0
ericdress,6284,0,Bypassed,,,0
cigabuy,6285,0,Bypassed,,,0
tidebuy,6286,0,Bypassed,,,0
revolve,6287,0,Bypassed,,,0
priceelf,6288,0,Bypassed,,,0
theluxurycloset,6289,0,Bypassed,,,0
gearvita,6290,0,"Admit Ad",https://gearvita.com/,https://ad.admitad.com/g/whzzbvz8xb73d450234df552c616a1/,0
whatwears,6291,0,Bypassed,,,0
aqualens,6292,0,Bypassed,,,0
luvyle,6293,0,Bypassed,,,0
etoren,6294,0,Bypassed,,,0
liquidweb,6295,0,Bypassed,,,0
glasseslit,6296,0,Bypassed,,,0
peggybuy,6297,0,Bypassed,,,0
cesdeals,6298,0,Bypassed,,,0
knowfashionstyle,6299,0,Bypassed,,,0
GIZA,6300,0,Bypassed,,,0
aromashop,6301,0,Bypassed,,,0
splashfashions,6302,0,Bypassed,,,0
fashionnova,6303,0,Bypassed,,,0
walmart,6304,0,Bypassed,,,0
etsy,6305,0,Bypassed,,,0
target,6306,0,Bypassed,,,0
wayfair,6307,0,Bypassed,,,0
aeo.in,6308,0,Bypassed,,,0
weebly,6309,0,Bypassed,,,0
macys,6310,0,Bypassed,,,0
instacart,6311,0,Bypassed,,,0
samsclub,6312,0,Bypassed,,,0
uniqlo,6313,0,Bypassed,,,0
overstock,6314,0,Bypassed,,,0
sephora,6315,0,Bypassed,,,0
chewy,6316,0,Bypassed,,,0
nordstrom,6317,0,Bypassed,,,0
dickssportinggoods,6318,0,Bypassed,,,0
grubhub,6319,0,Bypassed,,,0
mailchimp,6320,0,Bypassed,,,0
newegg,6321,0,Bypassed,,,0
groupon,6322,0,Bypassed,,,0
mendards,6323,0,Bypassed,,,0
teacherspayteachers,6324,0,Bypassed,,,0
zulily,6325,0,Bypassed,,,0
amazon.com,6326,0,Bypassed,,,0
totalwine,6327,0,Bypassed,,,0
thriftbooks,6328,0,Bypassed,,,0
proozy,6329,0,Bypassed,,,0
greatergood,6330,0,Bypassed,,,0
sears,6331,0,Bypassed,,,0
food52,6332,0,Bypassed,,,0
skillshare,6333,0,Bypassed,,,0
safeway,6334,0,Bypassed,,,0
dealmoon,6335,0,Bypassed,,,0
hsn,6336,0,Bypassed,,,0
teespring,6337,0,Bypassed,,,0
fingerhut,6338,0,Bypassed,,,0
belk,6339,0,Bypassed,,,0
torrid,6340,0,Bypassed,,,0
forever21.com,6341,0,Bypassed,,,0
dillards,6342,0,Bypassed,,,0
teepublic,6343,0,Bypassed,,,0
carid,6344,0,Bypassed,,,0
mercola,6345,0,Bypassed,,,0
thredup,6346,0,Bypassed,,,0
peapod,6347,0,Bypassed,,,0
stamps,6348,0,Bypassed,,,0
opticsplanet,6349,0,Bypassed,,,0
vans,6350,0,Bypassed,,,0
lulus,6351,0,Bypassed,,,0
hottopic,6352,0,Bypassed,,,0
allmodern,6353,0,Bypassed,,,0
customink,6354,0,Bypassed,,,0
moonpig,6355,0,Bypassed,,,0
fragrancenet,6356,0,Bypassed,,,0
blissworld,6357,0,Bypassed,,,0
Nithin_example,6358,1,Bypassed,https://compare.buyhatke.com,,0
fineartamerica,6359,0,Bypassed,,,0
boxycharm,6360,0,Bypassed,,,0
eastbay,6361,0,Bypassed,,,0
1800flowers,6362,0,Bypassed,,,0
venus,6363,0,Bypassed,,,0
build.com,6364,0,Bypassed,,,0
backcountry,6365,0,Bypassed,,,0
saksfifthavenue,6366,0,Bypassed,,,0
gapfactory,6367,0,Bypassed,,,0
society6,6368,0,Bypassed,,,0
therealreal,6369,0,Bypassed,,,0
campingworld,6370,0,Bypassed,,,0
beatstars,6371,0,Bypassed,,,0
shopbop,6372,0,Bypassed,,,0
jtv.com,6373,0,Bypassed,,,0
bonanza,6374,0,Bypassed,,,0
musiciansfriend,6375,0,Bypassed,,,0
freepeople,6376,0,Bypassed,,,0
etrailer,6377,0,Bypassed,,,0
babylist,6378,0,Bypassed,,,0
fabfitfun,6379,0,Bypassed,,,0
freshdirect,6380,0,Bypassed,,,0
hotair,6381,0,Bypassed,,,0
wiggleuk,6382,0,Bypassed,,,0
drbrite,6383,0,Bypassed,,,0
fandango,6384,0,Bypassed,,,0
slicelife,6385,0,Bypassed,,,0
colourpop,6386,0,Bypassed,,,0
kmart,6387,0,Bypassed,,,0
manscaped,6388,0,Bypassed,,,0
mercato,6389,0,Bypassed,,,0
womanwithin,6390,0,Bypassed,,,0
catholiconline.shopping,6391,0,Bypassed,,,0
fastgrowingtrees,6392,0,Bypassed,,,0
rue21,6393,0,Bypassed,,,0
eyebuydirect,6394,0,Bypassed,,,0
yandy,6395,0,Bypassed,,,0
templatemonster,6396,0,Bypassed,,,0
jimmyjazz,6397,0,Bypassed,,,0
feelunique,6398,0,Bypassed,,,0
birdies,6399,0,Bypassed,,,0
rag-bone,6400,0,Bypassed,,,0
verishop,6401,0,Bypassed,,,0
proflowers,6402,0,Bypassed,,,0
goldbelly,6403,0,Bypassed,,,0
harrys,6404,0,Bypassed,,,0
nectorsleep,6405,0,Bypassed,,,0
shophq,6406,0,Bypassed,,,0
nectarsleep,6407,0,Bypassed,,,0
1800petmeds,6408,0,Bypassed,,,0
mypillow,6409,0,Bypassed,,,0
glassesusa,6410,0,Bypassed,,,0
tradesy,6411,0,Bypassed,,,0
wine.com,6412,0,Bypassed,,,0
zola,6413,0,Bypassed,,,0
personalizationmall,6414,0,Bypassed,,,0
elementvape,6415,0,Bypassed,,,0
houseofbeautyworld,6416,0,Bypassed,,,0
daily-harvest,6417,0,Bypassed,,,0
lakeside,6418,0,Bypassed,,,0
"Janardan Farms & Resorts",6419,0,Bypassed,,,0
roamans,6420,0,Bypassed,,,0
collectionsetc,6421,0,Bypassed,,,0
cdbaby,6422,0,Bypassed,,,0
factoryoutletstore,6423,0,Bypassed,,,0
mscdirect,6424,0,Bypassed,,,0
extremeterrain,6425,0,Bypassed,,,0
monoprice,6426,0,Bypassed,,,0
ihop.com,6427,0,Bypassed,,,0
freshly,6428,0,Bypassed,,,0
cafepress,6429,0,Bypassed,,,0
harryanddavid,6430,0,Bypassed,,,0
domyown,6431,0,Bypassed,,,0
muscleandstrength,6432,0,Bypassed,,,0
bluenile,6433,0,Bypassed,,,0
missouriquiltco,6434,0,Bypassed,,,0
simpletire,6435,0,Bypassed,,,0
moosejaw,6436,0,Bypassed,,,0
sonicelectronix,6437,0,Bypassed,,,0
shop.sennheiserindia.com,6438,1,crazybeezmedia,https://shop.sennheiserindia.com/,https://crazyb.go2pixel.org/t/?offer_id=3&aff_id=65,0
shopcrocs.in,6439,1,crazybeezmedia,https://shopcrocs.in/,https://crazyb.go2pixel.org/t/?offer_id=1&aff_id=65,0
azaleasf,6440,0,Bypassed,,,0
bellamihair,6441,0,Bypassed,,,0
hammacher,6442,0,Bypassed,,,0
barenecessities,6443,0,Bypassed,,,0
uncrate,6444,0,Bypassed,,,0
1800contacts,6445,0,Bypassed,,,0
honest,6446,0,Bypassed,,,0
merrell,6447,0,Bypassed,,,0
threadless,6448,0,Bypassed,,,0
skinstore,6449,0,Bypassed,,,0
caseys,6450,0,Bypassed,,,0
scentbird,6451,0,Bypassed,,,0
surfshark,6452,0,Bypassed,,,0
dailysteals,6453,0,Bypassed,,,0
toms,6454,0,Bypassed,,,0
boscovs,6455,0,Bypassed,,,0
rackroomshoes,6456,0,Bypassed,,,0
dressbarn,6457,0,Bypassed,,,0
fsastore,6458,0,Bypassed,,,0
tailorbrands,6459,0,Bypassed,,,0
ebags,6460,0,Bypassed,,,0
replacements,6461,0,Bypassed,,,0
thirdlove,6462,0,Bypassed,,,0
americanmusical,6463,0,Bypassed,,,0
olay,6464,0,Bypassed,,,0
pyramidair,6465,0,Bypassed,,,0
naturehills,6466,0,Bypassed,,,0
misfitsmarket,6467,0,Bypassed,,,0
keenfootwear,6468,0,Bypassed,,,0
yamibuy,6469,0,Bypassed,,,0
perfume,6470,0,Bypassed,,,0
nypl.org,6471,0,Bypassed,,,0
shoplc,6472,0,Bypassed,,,0
geneinno.us,6473,0,Bypassed,,,0
modcloth,6474,0,Bypassed,,,0
casper,6475,0,Bypassed,,,0
onnit,6476,0,Bypassed,,,0
appliancesconnection,6477,0,Bypassed,,,0
allswellhome,6478,0,Bypassed,,,0
birchbox,6479,0,Bypassed,,,0
penny-arcade,6480,0,Bypassed,,,0
sokoglam,6481,0,Bypassed,,,0
shapermint,6482,0,Bypassed,,,0
cratejoy,6483,0,Bypassed,,,0
mynamenecklace,6484,0,Bypassed,,,0
brookbrothers,6485,0,Bypassed,,,0
brooksbrothers,6486,0,Bypassed,,,0
mother.ly,6487,0,Bypassed,,,0
bombas,6488,0,Bypassed,,,0
cigarsinternational,6489,0,Bypassed,,,0
squaretrade,6490,0,Bypassed,,,0
rugsusa,6491,0,Bypassed,,,0
allbirds,6492,0,Bypassed,,,0
soma.com,6493,0,Bypassed,,,0
1StopBedrooms,6494,0,Bypassed,,,0
fullbeauty,6495,0,Bypassed,,,0
softsurroundings,6496,0,Bypassed,,,0
bespokepost,6497,0,Bypassed,,,0
wildalaskancompany,6498,0,Bypassed,,,0
petcarerx,6499,0,Bypassed,,,0
budk,6500,0,Bypassed,,,0
gruntstyle,6501,0,Bypassed,,,0
earthshoes,6502,0,Bypassed,,,0
endicia,6503,0,Bypassed,,,0
dailysale,6504,0,Bypassed,,,0
bobbybrowncosmetics,6505,0,Bypassed,,,0
vipbags.com,6506,0,crazybeezmedia,https://shop.vipbags.com/,,0
skybags.co.in,6507,0,crazybeezmedia,https://shop.skybags.co.in/,,0
fredericks,6508,0,Bypassed,,,0
azazie,6509,0,Bypassed,,,0
dooney,6510,0,Bypassed,,,0
collage.com,6511,0,Bypassed,,,0
colemanfurniture,6512,0,Bypassed,,,0
lionbrand,6513,0,Bypassed,,,0
homedepot,6514,0,Bypassed,,,0
sperry,6515,0,Bypassed,,,0
drjays,6516,0,Bypassed,,,0
cartersoshkosh,6517,0,Bypassed,,,0
minted,6518,0,Bypassed,,,0
ross-simons,6519,0,Bypassed,,,0
meundies,6520,0,Bypassed,,,0
healthwarehouse,6521,0,Bypassed,,,0
madison-reed,6522,0,Bypassed,,,0
puravidabracelets,6523,0,Bypassed,,,0
fatquartershop,6524,0,Bypassed,,,0
zenfolio,6525,0,Bypassed,,,0
shoebacca,6526,0,Bypassed,,,0
michiganbulb,6527,0,Bypassed,,,0
evitamins,6528,0,Bypassed,,,0
fye.com,6529,0,Bypassed,,,0
billabong,6530,0,Bypassed,,,0
alexandani,6531,0,Bypassed,,,0
iedm,6532,0,Bypassed,,,0
spanx,6533,0,Bypassed,,,0
flaviar,6534,0,Bypassed,,,0
fullsource,6535,0,Bypassed,,,0
eloquii,6536,0,Bypassed,,,0
jaanuu,6537,0,Bypassed,,,0
badcocksfl,6538,0,Bypassed,,,0
bookoutlet,6539,0,Bypassed,,,0
crowdcow,6540,0,Bypassed,,,0
fanjoy,6541,0,Bypassed,,,0
brylanehome,6542,0,Bypassed,,,0
onekingslane,6543,0,Bypassed,,,0
lumens,6544,0,Bypassed,,,0
nativecos,6545,0,Bypassed,,,0
blurb,6546,0,Bypassed,,,0
sharperimage,6547,0,Bypassed,,,0
modaoperandi,6548,0,Bypassed,,,0
sunbasket,6549,0,Bypassed,,,0
discountmugs,6550,0,Bypassed,,,0
jamesallen,6551,0,Bypassed,,,0
rageon,6552,0,Bypassed,,,0
autoaccessoriesgarage,6553,0,Bypassed,,,0
berries,6554,0,Bypassed,,,0
statelinetack,6555,0,Bypassed,,,0
erincondren,6556,0,Bypassed,,,0
rothys,6557,0,Bypassed,,,0
bodenusa,6558,0,Bypassed,,,0
shethinx,6559,0,Bypassed,,,0
haband,6560,0,Bypassed,,,0
theawseomer,6561,0,Bypassed,,,0
ilmakiage,6562,0,Bypassed,,,0
fwrd,6563,0,Bypassed,,,0
postable,6564,0,Bypassed,,,0
extremerestraints,6565,0,Bypassed,,,0
winc,6566,0,Bypassed,,,0
homesciencetools,6567,0,Bypassed,,,0
avocadogreenmattress,6568,0,Bypassed,,,0
giantvapes,6569,0,Bypassed,,,0
draperjames,6570,0,Bypassed,,,0
lovelyskin,6571,0,Bypassed,,,0
cpap,6572,0,Bypassed,,,0
ultrasabers,6573,0,Bypassed,,,0
rockport,6574,0,Bypassed,,,0
vapewild,6575,0,Bypassed,,,0
healthproductsforyou,6576,0,Bypassed,,,0
smkw,6577,0,Bypassed,,,0
peakdesign,6578,0,Bypassed,,,0
buckmason,6579,0,Bypassed,,,0
gifts,6580,0,Bypassed,,,0
lenscrafters,6581,0,Bypassed,,,0
morris4x4center,6582,0,Bypassed,,,0
easyspirit,6583,0,Bypassed,,,0
alidropship,6584,0,Bypassed,,,0
amiclubwear,6585,0,Bypassed,,,0
powells,6586,0,Bypassed,,,0
moonglow,6587,0,Bypassed,,,0
everythingkitchens,6588,0,Bypassed,,,0
factoryauthorizedoutlet,6589,0,Bypassed,,,0
mixbook,6590,0,Bypassed,,,0
tobi,6591,0,Bypassed,,,0
bookofthemonth,6592,0,Bypassed,,,0
shopvida,6593,0,Bypassed,,,0
deltateamtactical,6594,0,Bypassed,,,0
bonobos,6595,0,Bypassed,,,0
cheaptickets,6596,0,Bypassed,,,0
motherhood,6597,0,Bypassed,,,0
longislandwatch,6598,0,Bypassed,,,0
Railmitra,6599,0,Bypassed,,,0
"Best Shoe Forward",6600,0,Bypassed,,,0
verthpc,6601,0,Bypassed,,,0
indiagift,6602,0,Bypassed,,,0
yardleyoflondon,6603,0,Bypassed,,,0
tupperwareindia,6604,0,Bypassed,,,0
capresebags,6605,0,Bypassed,,,0
byjus,6606,0,Bypassed,,,0
